,Category
0,gameofthrones
1,nba
2,hockey
3,Music
4,trees
5,nba
6,wow
7,funny
8,baseball
9,anime
10,conspiracy
11,leagueoflegends
12,leagueoflegends
13,baseball
14,anime
15,canada
16,soccer
17,leagueoflegends
18,europe
19,movies
20,soccer
21,wow
22,funny
23,AskReddit
24,canada
25,leagueoflegends
26,funny
27,wow
28,gameofthrones
29,movies
30,europe
31,Overwatch
32,leagueoflegends
33,AskReddit
34,nba
35,wow
36,movies
37,hockey
38,funny
39,funny
40,soccer
41,funny
42,Music
43,europe
44,worldnews
45,conspiracy
46,movies
47,Overwatch
48,trees
49,leagueoflegends
50,conspiracy
51,gameofthrones
52,baseball
53,nba
54,hockey
55,leagueoflegends
56,baseball
57,funny
58,movies
59,nfl
60,wow
61,soccer
62,leagueoflegends
63,worldnews
64,baseball
65,anime
66,anime
67,canada
68,nba
69,movies
70,leagueoflegends
71,anime
72,worldnews
73,nba
74,conspiracy
75,soccer
76,gameofthrones
77,nfl
78,europe
79,wow
80,GlobalOffensive
81,baseball
82,europe
83,baseball
84,conspiracy
85,leagueoflegends
86,leagueoflegends
87,funny
88,wow
89,Overwatch
90,gameofthrones
91,nfl
92,funny
93,baseball
94,worldnews
95,canada
96,Music
97,canada
98,movies
99,nfl
100,nfl
101,AskReddit
102,anime
103,AskReddit
104,movies
105,hockey
106,soccer
107,anime
108,canada
109,Music
110,conspiracy
111,Overwatch
112,gameofthrones
113,trees
114,movies
115,wow
116,Overwatch
117,gameofthrones
118,Music
119,trees
120,nfl
121,gameofthrones
122,Music
123,funny
124,europe
125,wow
126,Music
127,anime
128,wow
129,movies
130,GlobalOffensive
131,AskReddit
132,movies
133,movies
134,nba
135,gameofthrones
136,leagueoflegends
137,wow
138,funny
139,baseball
140,conspiracy
141,wow
142,Music
143,baseball
144,worldnews
145,nba
146,funny
147,wow
148,Music
149,soccer
150,soccer
151,soccer
152,Music
153,AskReddit
154,gameofthrones
155,Overwatch
156,hockey
157,soccer
158,wow
159,Music
160,trees
161,Overwatch
162,hockey
163,GlobalOffensive
164,nba
165,nba
166,AskReddit
167,nba
168,europe
169,europe
170,anime
171,AskReddit
172,europe
173,GlobalOffensive
174,hockey
175,conspiracy
176,GlobalOffensive
177,nfl
178,conspiracy
179,canada
180,anime
181,anime
182,Overwatch
183,worldnews
184,trees
185,baseball
186,soccer
187,hockey
188,movies
189,GlobalOffensive
190,anime
191,gameofthrones
192,europe
193,conspiracy
194,baseball
195,trees
196,Music
197,AskReddit
198,wow
199,GlobalOffensive
200,GlobalOffensive
201,europe
202,baseball
203,soccer
204,gameofthrones
205,trees
206,nfl
207,wow
208,leagueoflegends
209,movies
210,worldnews
211,leagueoflegends
212,conspiracy
213,movies
214,movies
215,trees
216,nba
217,Music
218,hockey
219,nba
220,nba
221,nfl
222,conspiracy
223,Music
224,gameofthrones
225,worldnews
226,anime
227,nfl
228,wow
229,GlobalOffensive
230,Overwatch
231,trees
232,GlobalOffensive
233,baseball
234,baseball
235,canada
236,leagueoflegends
237,nba
238,gameofthrones
239,europe
240,GlobalOffensive
241,funny
242,trees
243,AskReddit
244,AskReddit
245,gameofthrones
246,europe
247,gameofthrones
248,funny
249,nfl
250,nfl
251,nba
252,nba
253,AskReddit
254,funny
255,leagueoflegends
256,nba
257,wow
258,soccer
259,canada
260,funny
261,baseball
262,funny
263,nfl
264,canada
265,trees
266,Music
267,Music
268,baseball
269,AskReddit
270,conspiracy
271,nfl
272,anime
273,leagueoflegends
274,funny
275,wow
276,wow
277,baseball
278,anime
279,nba
280,GlobalOffensive
281,gameofthrones
282,worldnews
283,movies
284,GlobalOffensive
285,worldnews
286,hockey
287,nfl
288,gameofthrones
289,europe
290,worldnews
291,nba
292,nfl
293,nba
294,canada
295,leagueoflegends
296,canada
297,baseball
298,GlobalOffensive
299,conspiracy
300,Music
301,baseball
302,anime
303,leagueoflegends
304,trees
305,canada
306,canada
307,nfl
308,anime
309,worldnews
310,hockey
311,europe
312,trees
313,gameofthrones
314,canada
315,soccer
316,hockey
317,Music
318,hockey
319,movies
320,AskReddit
321,AskReddit
322,movies
323,soccer
324,funny
325,nba
326,gameofthrones
327,conspiracy
328,nba
329,trees
330,GlobalOffensive
331,nba
332,europe
333,anime
334,wow
335,wow
336,baseball
337,worldnews
338,gameofthrones
339,trees
340,AskReddit
341,AskReddit
342,hockey
343,europe
344,nfl
345,europe
346,trees
347,movies
348,Music
349,hockey
350,hockey
351,Overwatch
352,conspiracy
353,movies
354,worldnews
355,AskReddit
356,baseball
357,GlobalOffensive
358,Overwatch
359,nba
360,GlobalOffensive
361,gameofthrones
362,conspiracy
363,baseball
364,trees
365,conspiracy
366,trees
367,soccer
368,europe
369,leagueoflegends
370,trees
371,hockey
372,nba
373,europe
374,conspiracy
375,movies
376,nba
377,nba
378,canada
379,canada
380,nfl
381,soccer
382,Overwatch
383,Overwatch
384,hockey
385,leagueoflegends
386,hockey
387,nfl
388,funny
389,funny
390,GlobalOffensive
391,trees
392,AskReddit
393,gameofthrones
394,funny
395,worldnews
396,funny
397,gameofthrones
398,wow
399,gameofthrones
400,hockey
401,movies
402,Music
403,funny
404,Music
405,nba
406,worldnews
407,hockey
408,gameofthrones
409,baseball
410,Music
411,trees
412,soccer
413,movies
414,anime
415,trees
416,conspiracy
417,conspiracy
418,soccer
419,conspiracy
420,nba
421,anime
422,europe
423,hockey
424,wow
425,funny
426,AskReddit
427,worldnews
428,leagueoflegends
429,conspiracy
430,nba
431,canada
432,europe
433,europe
434,wow
435,GlobalOffensive
436,wow
437,Overwatch
438,europe
439,GlobalOffensive
440,movies
441,gameofthrones
442,canada
443,soccer
444,conspiracy
445,trees
446,conspiracy
447,nba
448,Overwatch
449,leagueoflegends
450,movies
451,GlobalOffensive
452,baseball
453,europe
454,nfl
455,hockey
456,conspiracy
457,leagueoflegends
458,GlobalOffensive
459,soccer
460,soccer
461,Overwatch
462,conspiracy
463,hockey
464,movies
465,Music
466,anime
467,funny
468,wow
469,funny
470,canada
471,AskReddit
472,europe
473,conspiracy
474,AskReddit
475,leagueoflegends
476,europe
477,nfl
478,europe
479,Overwatch
480,gameofthrones
481,leagueoflegends
482,hockey
483,trees
484,hockey
485,trees
486,conspiracy
487,trees
488,soccer
489,canada
490,movies
491,leagueoflegends
492,hockey
493,conspiracy
494,wow
495,conspiracy
496,europe
497,anime
498,nfl
499,trees
500,wow
501,soccer
502,trees
503,movies
504,funny
505,canada
506,hockey
507,AskReddit
508,baseball
509,Overwatch
510,baseball
511,anime
512,worldnews
513,Music
514,hockey
515,gameofthrones
516,wow
517,AskReddit
518,soccer
519,gameofthrones
520,gameofthrones
521,Music
522,Music
523,hockey
524,funny
525,movies
526,nfl
527,nfl
528,soccer
529,nba
530,europe
531,soccer
532,baseball
533,Overwatch
534,worldnews
535,movies
536,worldnews
537,canada
538,worldnews
539,movies
540,funny
541,AskReddit
542,soccer
543,Music
544,Overwatch
545,Overwatch
546,nfl
547,leagueoflegends
548,Music
549,Music
550,conspiracy
551,nfl
552,trees
553,movies
554,Music
555,movies
556,GlobalOffensive
557,Overwatch
558,conspiracy
559,trees
560,anime
561,Music
562,hockey
563,baseball
564,canada
565,soccer
566,gameofthrones
567,wow
568,nfl
569,gameofthrones
570,soccer
571,GlobalOffensive
572,wow
573,canada
574,nba
575,movies
576,funny
577,conspiracy
578,nba
579,gameofthrones
580,hockey
581,GlobalOffensive
582,hockey
583,funny
584,movies
585,movies
586,Overwatch
587,nba
588,nfl
589,nba
590,canada
591,wow
592,wow
593,trees
594,anime
595,conspiracy
596,movies
597,trees
598,Music
599,europe
600,funny
601,worldnews
602,movies
603,worldnews
604,nfl
605,trees
606,GlobalOffensive
607,conspiracy
608,leagueoflegends
609,trees
610,wow
611,movies
612,trees
613,Music
614,movies
615,trees
616,worldnews
617,nba
618,canada
619,canada
620,canada
621,Music
622,anime
623,baseball
624,europe
625,gameofthrones
626,movies
627,conspiracy
628,funny
629,AskReddit
630,trees
631,trees
632,anime
633,leagueoflegends
634,nfl
635,worldnews
636,canada
637,AskReddit
638,Overwatch
639,europe
640,anime
641,Music
642,nba
643,gameofthrones
644,funny
645,nfl
646,gameofthrones
647,anime
648,Overwatch
649,nba
650,soccer
651,anime
652,soccer
653,leagueoflegends
654,anime
655,Overwatch
656,movies
657,europe
658,europe
659,GlobalOffensive
660,leagueoflegends
661,Music
662,anime
663,hockey
664,gameofthrones
665,funny
666,soccer
667,conspiracy
668,canada
669,worldnews
670,soccer
671,worldnews
672,nfl
673,baseball
674,movies
675,GlobalOffensive
676,soccer
677,anime
678,hockey
679,canada
680,conspiracy
681,soccer
682,Overwatch
683,soccer
684,funny
685,canada
686,AskReddit
687,nba
688,nfl
689,Overwatch
690,soccer
691,hockey
692,leagueoflegends
693,Overwatch
694,hockey
695,nba
696,movies
697,movies
698,soccer
699,trees
700,nfl
701,movies
702,worldnews
703,movies
704,leagueoflegends
705,hockey
706,europe
707,trees
708,canada
709,nba
710,baseball
711,worldnews
712,hockey
713,anime
714,soccer
715,AskReddit
716,worldnews
717,soccer
718,nba
719,movies
720,gameofthrones
721,leagueoflegends
722,canada
723,canada
724,conspiracy
725,GlobalOffensive
726,soccer
727,canada
728,gameofthrones
729,canada
730,conspiracy
731,baseball
732,GlobalOffensive
733,anime
734,Music
735,funny
736,canada
737,trees
738,trees
739,canada
740,anime
741,conspiracy
742,conspiracy
743,funny
744,worldnews
745,trees
746,baseball
747,Overwatch
748,anime
749,baseball
750,baseball
751,conspiracy
752,anime
753,europe
754,trees
755,AskReddit
756,wow
757,canada
758,gameofthrones
759,soccer
760,anime
761,conspiracy
762,movies
763,leagueoflegends
764,hockey
765,nba
766,baseball
767,AskReddit
768,baseball
769,soccer
770,europe
771,wow
772,Music
773,nba
774,GlobalOffensive
775,hockey
776,worldnews
777,nba
778,hockey
779,funny
780,soccer
781,soccer
782,europe
783,soccer
784,leagueoflegends
785,gameofthrones
786,GlobalOffensive
787,conspiracy
788,hockey
789,baseball
790,AskReddit
791,anime
792,AskReddit
793,baseball
794,gameofthrones
795,conspiracy
796,nfl
797,AskReddit
798,gameofthrones
799,worldnews
800,leagueoflegends
801,nba
802,soccer
803,anime
804,GlobalOffensive
805,Music
806,funny
807,trees
808,GlobalOffensive
809,nfl
810,baseball
811,GlobalOffensive
812,funny
813,Overwatch
814,nfl
815,Overwatch
816,Overwatch
817,leagueoflegends
818,Overwatch
819,worldnews
820,Overwatch
821,gameofthrones
822,wow
823,wow
824,funny
825,funny
826,leagueoflegends
827,gameofthrones
828,Music
829,AskReddit
830,canada
831,AskReddit
832,leagueoflegends
833,europe
834,funny
835,europe
836,GlobalOffensive
837,movies
838,AskReddit
839,canada
840,worldnews
841,Overwatch
842,conspiracy
843,Music
844,worldnews
845,conspiracy
846,trees
847,nba
848,soccer
849,hockey
850,nfl
851,movies
852,europe
853,movies
854,canada
855,baseball
856,leagueoflegends
857,worldnews
858,movies
859,europe
860,worldnews
861,GlobalOffensive
862,movies
863,funny
864,canada
865,anime
866,Overwatch
867,Music
868,Music
869,nba
870,soccer
871,leagueoflegends
872,gameofthrones
873,funny
874,GlobalOffensive
875,baseball
876,gameofthrones
877,canada
878,conspiracy
879,trees
880,trees
881,leagueoflegends
882,conspiracy
883,worldnews
884,leagueoflegends
885,baseball
886,nfl
887,trees
888,leagueoflegends
889,worldnews
890,europe
891,conspiracy
892,wow
893,movies
894,movies
895,trees
896,conspiracy
897,anime
898,hockey
899,funny
900,trees
901,movies
902,wow
903,nba
904,conspiracy
905,worldnews
906,gameofthrones
907,AskReddit
908,anime
909,worldnews
910,funny
911,canada
912,AskReddit
913,Overwatch
914,hockey
915,trees
916,europe
917,conspiracy
918,soccer
919,AskReddit
920,baseball
921,worldnews
922,canada
923,leagueoflegends
924,anime
925,wow
926,trees
927,Overwatch
928,GlobalOffensive
929,AskReddit
930,wow
931,Overwatch
932,soccer
933,baseball
934,gameofthrones
935,movies
936,gameofthrones
937,Music
938,baseball
939,europe
940,anime
941,anime
942,leagueoflegends
943,trees
944,anime
945,nfl
946,gameofthrones
947,canada
948,funny
949,Overwatch
950,Music
951,GlobalOffensive
952,canada
953,nba
954,canada
955,worldnews
956,GlobalOffensive
957,nfl
958,worldnews
959,GlobalOffensive
960,leagueoflegends
961,europe
962,worldnews
963,nba
964,GlobalOffensive
965,europe
966,conspiracy
967,AskReddit
968,GlobalOffensive
969,europe
970,nba
971,trees
972,europe
973,gameofthrones
974,gameofthrones
975,gameofthrones
976,Overwatch
977,funny
978,conspiracy
979,Overwatch
980,GlobalOffensive
981,gameofthrones
982,GlobalOffensive
983,worldnews
984,worldnews
985,AskReddit
986,gameofthrones
987,europe
988,nfl
989,wow
990,europe
991,movies
992,Overwatch
993,canada
994,nba
995,baseball
996,worldnews
997,leagueoflegends
998,anime
999,Overwatch
1000,AskReddit
1001,anime
1002,funny
1003,Music
1004,worldnews
1005,nfl
1006,movies
1007,leagueoflegends
1008,AskReddit
1009,europe
1010,soccer
1011,conspiracy
1012,anime
1013,AskReddit
1014,worldnews
1015,gameofthrones
1016,worldnews
1017,movies
1018,baseball
1019,leagueoflegends
1020,leagueoflegends
1021,Music
1022,soccer
1023,nfl
1024,Overwatch
1025,Music
1026,baseball
1027,conspiracy
1028,anime
1029,wow
1030,movies
1031,soccer
1032,hockey
1033,AskReddit
1034,gameofthrones
1035,hockey
1036,europe
1037,Music
1038,GlobalOffensive
1039,Overwatch
1040,wow
1041,nba
1042,funny
1043,canada
1044,soccer
1045,GlobalOffensive
1046,leagueoflegends
1047,AskReddit
1048,worldnews
1049,funny
1050,gameofthrones
1051,funny
1052,baseball
1053,AskReddit
1054,Music
1055,gameofthrones
1056,GlobalOffensive
1057,nba
1058,movies
1059,AskReddit
1060,canada
1061,canada
1062,GlobalOffensive
1063,anime
1064,leagueoflegends
1065,hockey
1066,worldnews
1067,Music
1068,funny
1069,nfl
1070,wow
1071,funny
1072,AskReddit
1073,soccer
1074,Music
1075,europe
1076,soccer
1077,movies
1078,trees
1079,europe
1080,anime
1081,movies
1082,Music
1083,Music
1084,Overwatch
1085,canada
1086,worldnews
1087,gameofthrones
1088,conspiracy
1089,funny
1090,nba
1091,Overwatch
1092,movies
1093,soccer
1094,nba
1095,Overwatch
1096,trees
1097,trees
1098,leagueoflegends
1099,canada
1100,Overwatch
1101,nba
1102,baseball
1103,canada
1104,Music
1105,europe
1106,anime
1107,soccer
1108,anime
1109,worldnews
1110,conspiracy
1111,leagueoflegends
1112,anime
1113,canada
1114,europe
1115,wow
1116,nfl
1117,nfl
1118,GlobalOffensive
1119,hockey
1120,worldnews
1121,worldnews
1122,canada
1123,gameofthrones
1124,GlobalOffensive
1125,Music
1126,canada
1127,GlobalOffensive
1128,hockey
1129,hockey
1130,soccer
1131,nfl
1132,anime
1133,gameofthrones
1134,AskReddit
1135,europe
1136,soccer
1137,movies
1138,AskReddit
1139,leagueoflegends
1140,europe
1141,leagueoflegends
1142,soccer
1143,nfl
1144,movies
1145,nba
1146,baseball
1147,europe
1148,wow
1149,canada
1150,soccer
1151,soccer
1152,canada
1153,trees
1154,nba
1155,canada
1156,nfl
1157,leagueoflegends
1158,soccer
1159,funny
1160,Overwatch
1161,movies
1162,europe
1163,leagueoflegends
1164,baseball
1165,leagueoflegends
1166,nfl
1167,Music
1168,nfl
1169,gameofthrones
1170,AskReddit
1171,gameofthrones
1172,movies
1173,baseball
1174,anime
1175,conspiracy
1176,movies
1177,baseball
1178,leagueoflegends
1179,hockey
1180,nba
1181,soccer
1182,anime
1183,leagueoflegends
1184,leagueoflegends
1185,gameofthrones
1186,Music
1187,Music
1188,soccer
1189,gameofthrones
1190,GlobalOffensive
1191,worldnews
1192,Overwatch
1193,trees
1194,movies
1195,trees
1196,funny
1197,europe
1198,conspiracy
1199,funny
1200,wow
1201,canada
1202,conspiracy
1203,hockey
1204,AskReddit
1205,leagueoflegends
1206,soccer
1207,canada
1208,worldnews
1209,hockey
1210,hockey
1211,GlobalOffensive
1212,gameofthrones
1213,soccer
1214,worldnews
1215,conspiracy
1216,GlobalOffensive
1217,trees
1218,funny
1219,AskReddit
1220,gameofthrones
1221,gameofthrones
1222,worldnews
1223,hockey
1224,gameofthrones
1225,wow
1226,worldnews
1227,leagueoflegends
1228,soccer
1229,baseball
1230,wow
1231,trees
1232,wow
1233,anime
1234,funny
1235,gameofthrones
1236,soccer
1237,nba
1238,anime
1239,leagueoflegends
1240,leagueoflegends
1241,soccer
1242,baseball
1243,GlobalOffensive
1244,nfl
1245,trees
1246,anime
1247,wow
1248,baseball
1249,wow
1250,soccer
1251,nba
1252,anime
1253,anime
1254,canada
1255,wow
1256,movies
1257,funny
1258,canada
1259,GlobalOffensive
1260,funny
1261,movies
1262,trees
1263,nba
1264,trees
1265,hockey
1266,hockey
1267,GlobalOffensive
1268,europe
1269,nba
1270,conspiracy
1271,Music
1272,AskReddit
1273,movies
1274,Music
1275,movies
1276,funny
1277,gameofthrones
1278,conspiracy
1279,leagueoflegends
1280,europe
1281,gameofthrones
1282,gameofthrones
1283,baseball
1284,soccer
1285,AskReddit
1286,movies
1287,anime
1288,Music
1289,europe
1290,AskReddit
1291,trees
1292,wow
1293,baseball
1294,leagueoflegends
1295,AskReddit
1296,Music
1297,AskReddit
1298,trees
1299,hockey
1300,soccer
1301,worldnews
1302,baseball
1303,anime
1304,anime
1305,gameofthrones
1306,soccer
1307,gameofthrones
1308,funny
1309,hockey
1310,trees
1311,anime
1312,baseball
1313,anime
1314,funny
1315,Music
1316,trees
1317,Overwatch
1318,GlobalOffensive
1319,GlobalOffensive
1320,nfl
1321,soccer
1322,worldnews
1323,GlobalOffensive
1324,conspiracy
1325,nfl
1326,nba
1327,Music
1328,hockey
1329,funny
1330,hockey
1331,gameofthrones
1332,gameofthrones
1333,wow
1334,leagueoflegends
1335,trees
1336,conspiracy
1337,nfl
1338,europe
1339,nba
1340,movies
1341,Music
1342,canada
1343,wow
1344,trees
1345,wow
1346,baseball
1347,canada
1348,gameofthrones
1349,conspiracy
1350,worldnews
1351,wow
1352,GlobalOffensive
1353,europe
1354,wow
1355,gameofthrones
1356,AskReddit
1357,europe
1358,soccer
1359,canada
1360,leagueoflegends
1361,europe
1362,trees
1363,nba
1364,nba
1365,anime
1366,nba
1367,AskReddit
1368,wow
1369,gameofthrones
1370,leagueoflegends
1371,worldnews
1372,anime
1373,movies
1374,worldnews
1375,GlobalOffensive
1376,Music
1377,nfl
1378,nfl
1379,wow
1380,nfl
1381,soccer
1382,Overwatch
1383,canada
1384,canada
1385,GlobalOffensive
1386,Music
1387,gameofthrones
1388,gameofthrones
1389,baseball
1390,worldnews
1391,worldnews
1392,anime
1393,movies
1394,GlobalOffensive
1395,trees
1396,gameofthrones
1397,trees
1398,worldnews
1399,funny
1400,trees
1401,baseball
1402,hockey
1403,GlobalOffensive
1404,worldnews
1405,movies
1406,nba
1407,wow
1408,worldnews
1409,wow
1410,canada
1411,anime
1412,hockey
1413,soccer
1414,europe
1415,GlobalOffensive
1416,AskReddit
1417,worldnews
1418,baseball
1419,anime
1420,soccer
1421,worldnews
1422,canada
1423,worldnews
1424,soccer
1425,europe
1426,Music
1427,wow
1428,nfl
1429,nfl
1430,baseball
1431,GlobalOffensive
1432,gameofthrones
1433,gameofthrones
1434,wow
1435,worldnews
1436,Overwatch
1437,hockey
1438,AskReddit
1439,canada
1440,movies
1441,europe
1442,GlobalOffensive
1443,wow
1444,canada
1445,gameofthrones
1446,leagueoflegends
1447,funny
1448,wow
1449,baseball
1450,hockey
1451,GlobalOffensive
1452,nba
1453,nba
1454,GlobalOffensive
1455,conspiracy
1456,AskReddit
1457,gameofthrones
1458,europe
1459,GlobalOffensive
1460,baseball
1461,gameofthrones
1462,nfl
1463,trees
1464,leagueoflegends
1465,trees
1466,canada
1467,hockey
1468,conspiracy
1469,conspiracy
1470,Music
1471,movies
1472,baseball
1473,hockey
1474,worldnews
1475,movies
1476,AskReddit
1477,anime
1478,Music
1479,worldnews
1480,AskReddit
1481,baseball
1482,worldnews
1483,worldnews
1484,worldnews
1485,canada
1486,nba
1487,gameofthrones
1488,worldnews
1489,funny
1490,Overwatch
1491,hockey
1492,wow
1493,soccer
1494,AskReddit
1495,conspiracy
1496,movies
1497,leagueoflegends
1498,GlobalOffensive
1499,nba
1500,baseball
1501,Music
1502,trees
1503,canada
1504,Music
1505,leagueoflegends
1506,baseball
1507,movies
1508,conspiracy
1509,canada
1510,europe
1511,canada
1512,conspiracy
1513,movies
1514,worldnews
1515,canada
1516,canada
1517,gameofthrones
1518,anime
1519,Music
1520,worldnews
1521,movies
1522,leagueoflegends
1523,nfl
1524,Overwatch
1525,nfl
1526,Music
1527,anime
1528,conspiracy
1529,nfl
1530,trees
1531,hockey
1532,anime
1533,Music
1534,anime
1535,Music
1536,GlobalOffensive
1537,baseball
1538,movies
1539,movies
1540,AskReddit
1541,worldnews
1542,soccer
1543,baseball
1544,europe
1545,nfl
1546,conspiracy
1547,funny
1548,europe
1549,funny
1550,canada
1551,nba
1552,AskReddit
1553,anime
1554,canada
1555,nfl
1556,Overwatch
1557,funny
1558,GlobalOffensive
1559,nba
1560,soccer
1561,Music
1562,soccer
1563,AskReddit
1564,trees
1565,soccer
1566,nfl
1567,baseball
1568,trees
1569,baseball
1570,leagueoflegends
1571,GlobalOffensive
1572,nba
1573,Music
1574,GlobalOffensive
1575,AskReddit
1576,baseball
1577,Overwatch
1578,funny
1579,nfl
1580,wow
1581,wow
1582,Music
1583,hockey
1584,europe
1585,canada
1586,canada
1587,gameofthrones
1588,hockey
1589,anime
1590,leagueoflegends
1591,europe
1592,trees
1593,AskReddit
1594,Music
1595,gameofthrones
1596,trees
1597,wow
1598,nfl
1599,leagueoflegends
1600,gameofthrones
1601,trees
1602,anime
1603,baseball
1604,baseball
1605,anime
1606,canada
1607,canada
1608,funny
1609,hockey
1610,wow
1611,baseball
1612,movies
1613,gameofthrones
1614,Music
1615,canada
1616,canada
1617,gameofthrones
1618,wow
1619,worldnews
1620,Overwatch
1621,nfl
1622,wow
1623,trees
1624,nfl
1625,conspiracy
1626,hockey
1627,GlobalOffensive
1628,Music
1629,GlobalOffensive
1630,GlobalOffensive
1631,movies
1632,wow
1633,trees
1634,canada
1635,worldnews
1636,Music
1637,nba
1638,movies
1639,canada
1640,europe
1641,wow
1642,soccer
1643,baseball
1644,funny
1645,canada
1646,GlobalOffensive
1647,leagueoflegends
1648,anime
1649,baseball
1650,wow
1651,europe
1652,GlobalOffensive
1653,canada
1654,nfl
1655,AskReddit
1656,leagueoflegends
1657,leagueoflegends
1658,movies
1659,AskReddit
1660,trees
1661,soccer
1662,Overwatch
1663,canada
1664,conspiracy
1665,GlobalOffensive
1666,funny
1667,canada
1668,AskReddit
1669,gameofthrones
1670,canada
1671,baseball
1672,AskReddit
1673,soccer
1674,Music
1675,gameofthrones
1676,conspiracy
1677,worldnews
1678,AskReddit
1679,worldnews
1680,hockey
1681,funny
1682,baseball
1683,hockey
1684,funny
1685,conspiracy
1686,worldnews
1687,baseball
1688,soccer
1689,gameofthrones
1690,europe
1691,funny
1692,movies
1693,leagueoflegends
1694,trees
1695,baseball
1696,europe
1697,conspiracy
1698,funny
1699,anime
1700,conspiracy
1701,leagueoflegends
1702,soccer
1703,baseball
1704,GlobalOffensive
1705,hockey
1706,soccer
1707,nba
1708,Music
1709,funny
1710,anime
1711,gameofthrones
1712,nfl
1713,conspiracy
1714,Music
1715,movies
1716,movies
1717,Overwatch
1718,nfl
1719,anime
1720,soccer
1721,europe
1722,nba
1723,gameofthrones
1724,worldnews
1725,AskReddit
1726,worldnews
1727,soccer
1728,movies
1729,canada
1730,leagueoflegends
1731,europe
1732,nfl
1733,trees
1734,movies
1735,worldnews
1736,anime
1737,Music
1738,funny
1739,AskReddit
1740,leagueoflegends
1741,worldnews
1742,worldnews
1743,canada
1744,nba
1745,canada
1746,trees
1747,Overwatch
1748,soccer
1749,wow
1750,anime
1751,wow
1752,wow
1753,europe
1754,Music
1755,Overwatch
1756,europe
1757,GlobalOffensive
1758,trees
1759,nfl
1760,GlobalOffensive
1761,gameofthrones
1762,conspiracy
1763,hockey
1764,Overwatch
1765,hockey
1766,Music
1767,baseball
1768,Music
1769,wow
1770,gameofthrones
1771,gameofthrones
1772,GlobalOffensive
1773,Music
1774,hockey
1775,worldnews
1776,nba
1777,leagueoflegends
1778,nba
1779,hockey
1780,gameofthrones
1781,funny
1782,Overwatch
1783,trees
1784,europe
1785,canada
1786,conspiracy
1787,Music
1788,conspiracy
1789,soccer
1790,europe
1791,wow
1792,conspiracy
1793,anime
1794,leagueoflegends
1795,hockey
1796,funny
1797,conspiracy
1798,worldnews
1799,baseball
1800,soccer
1801,Music
1802,worldnews
1803,canada
1804,wow
1805,baseball
1806,trees
1807,funny
1808,nfl
1809,Music
1810,leagueoflegends
1811,funny
1812,europe
1813,gameofthrones
1814,soccer
1815,anime
1816,GlobalOffensive
1817,Music
1818,hockey
1819,Music
1820,gameofthrones
1821,GlobalOffensive
1822,baseball
1823,hockey
1824,worldnews
1825,GlobalOffensive
1826,canada
1827,nba
1828,leagueoflegends
1829,hockey
1830,nfl
1831,leagueoflegends
1832,conspiracy
1833,Music
1834,canada
1835,Music
1836,conspiracy
1837,GlobalOffensive
1838,baseball
1839,nba
1840,conspiracy
1841,worldnews
1842,anime
1843,conspiracy
1844,canada
1845,GlobalOffensive
1846,Music
1847,conspiracy
1848,canada
1849,GlobalOffensive
1850,Music
1851,Music
1852,leagueoflegends
1853,worldnews
1854,leagueoflegends
1855,Music
1856,funny
1857,funny
1858,baseball
1859,canada
1860,AskReddit
1861,GlobalOffensive
1862,baseball
1863,nfl
1864,nba
1865,funny
1866,worldnews
1867,trees
1868,worldnews
1869,hockey
1870,trees
1871,leagueoflegends
1872,leagueoflegends
1873,gameofthrones
1874,nba
1875,hockey
1876,soccer
1877,europe
1878,funny
1879,baseball
1880,funny
1881,trees
1882,nfl
1883,anime
1884,gameofthrones
1885,gameofthrones
1886,conspiracy
1887,Music
1888,hockey
1889,wow
1890,gameofthrones
1891,leagueoflegends
1892,leagueoflegends
1893,movies
1894,movies
1895,conspiracy
1896,nfl
1897,conspiracy
1898,worldnews
1899,Music
1900,AskReddit
1901,hockey
1902,europe
1903,Overwatch
1904,Overwatch
1905,europe
1906,nfl
1907,gameofthrones
1908,GlobalOffensive
1909,Music
1910,worldnews
1911,conspiracy
1912,movies
1913,nfl
1914,conspiracy
1915,worldnews
1916,AskReddit
1917,conspiracy
1918,baseball
1919,soccer
1920,movies
1921,funny
1922,nfl
1923,soccer
1924,hockey
1925,conspiracy
1926,GlobalOffensive
1927,canada
1928,conspiracy
1929,trees
1930,baseball
1931,nba
1932,baseball
1933,gameofthrones
1934,nfl
1935,gameofthrones
1936,movies
1937,baseball
1938,leagueoflegends
1939,funny
1940,trees
1941,leagueoflegends
1942,movies
1943,soccer
1944,trees
1945,Music
1946,nfl
1947,Overwatch
1948,Overwatch
1949,europe
1950,baseball
1951,gameofthrones
1952,conspiracy
1953,wow
1954,GlobalOffensive
1955,worldnews
1956,soccer
1957,anime
1958,hockey
1959,leagueoflegends
1960,hockey
1961,gameofthrones
1962,trees
1963,conspiracy
1964,soccer
1965,soccer
1966,worldnews
1967,movies
1968,AskReddit
1969,nba
1970,Overwatch
1971,leagueoflegends
1972,gameofthrones
1973,Music
1974,leagueoflegends
1975,funny
1976,Overwatch
1977,hockey
1978,soccer
1979,anime
1980,movies
1981,trees
1982,nba
1983,soccer
1984,AskReddit
1985,worldnews
1986,Music
1987,trees
1988,GlobalOffensive
1989,anime
1990,wow
1991,gameofthrones
1992,movies
1993,europe
1994,wow
1995,AskReddit
1996,Overwatch
1997,trees
1998,soccer
1999,baseball
2000,soccer
2001,europe
2002,AskReddit
2003,funny
2004,nfl
2005,Overwatch
2006,canada
2007,wow
2008,Music
2009,gameofthrones
2010,funny
2011,GlobalOffensive
2012,hockey
2013,wow
2014,nfl
2015,gameofthrones
2016,funny
2017,canada
2018,hockey
2019,soccer
2020,anime
2021,baseball
2022,conspiracy
2023,funny
2024,anime
2025,movies
2026,nba
2027,nfl
2028,europe
2029,Music
2030,movies
2031,movies
2032,worldnews
2033,movies
2034,Music
2035,anime
2036,soccer
2037,nba
2038,AskReddit
2039,nba
2040,anime
2041,europe
2042,movies
2043,Music
2044,europe
2045,hockey
2046,worldnews
2047,soccer
2048,GlobalOffensive
2049,funny
2050,conspiracy
2051,leagueoflegends
2052,soccer
2053,Overwatch
2054,hockey
2055,AskReddit
2056,conspiracy
2057,trees
2058,wow
2059,funny
2060,movies
2061,wow
2062,funny
2063,europe
2064,AskReddit
2065,gameofthrones
2066,conspiracy
2067,GlobalOffensive
2068,leagueoflegends
2069,Music
2070,nfl
2071,leagueoflegends
2072,wow
2073,baseball
2074,Overwatch
2075,worldnews
2076,Overwatch
2077,AskReddit
2078,nba
2079,AskReddit
2080,hockey
2081,Overwatch
2082,leagueoflegends
2083,AskReddit
2084,nfl
2085,nfl
2086,Music
2087,anime
2088,wow
2089,soccer
2090,anime
2091,hockey
2092,hockey
2093,worldnews
2094,Music
2095,canada
2096,gameofthrones
2097,gameofthrones
2098,conspiracy
2099,soccer
2100,Music
2101,baseball
2102,baseball
2103,gameofthrones
2104,funny
2105,AskReddit
2106,funny
2107,soccer
2108,europe
2109,worldnews
2110,soccer
2111,nba
2112,leagueoflegends
2113,conspiracy
2114,conspiracy
2115,Overwatch
2116,trees
2117,leagueoflegends
2118,Music
2119,Music
2120,trees
2121,GlobalOffensive
2122,nba
2123,nba
2124,anime
2125,conspiracy
2126,wow
2127,conspiracy
2128,conspiracy
2129,anime
2130,AskReddit
2131,anime
2132,GlobalOffensive
2133,worldnews
2134,funny
2135,conspiracy
2136,europe
2137,baseball
2138,worldnews
2139,europe
2140,AskReddit
2141,GlobalOffensive
2142,europe
2143,anime
2144,funny
2145,gameofthrones
2146,soccer
2147,movies
2148,GlobalOffensive
2149,worldnews
2150,soccer
2151,Overwatch
2152,baseball
2153,baseball
2154,wow
2155,Music
2156,funny
2157,gameofthrones
2158,nba
2159,europe
2160,soccer
2161,europe
2162,GlobalOffensive
2163,GlobalOffensive
2164,funny
2165,baseball
2166,baseball
2167,AskReddit
2168,conspiracy
2169,GlobalOffensive
2170,Overwatch
2171,europe
2172,nfl
2173,trees
2174,Overwatch
2175,movies
2176,GlobalOffensive
2177,trees
2178,europe
2179,conspiracy
2180,worldnews
2181,conspiracy
2182,Overwatch
2183,baseball
2184,nfl
2185,gameofthrones
2186,funny
2187,europe
2188,soccer
2189,leagueoflegends
2190,soccer
2191,worldnews
2192,baseball
2193,movies
2194,nba
2195,conspiracy
2196,trees
2197,wow
2198,trees
2199,leagueoflegends
2200,europe
2201,leagueoflegends
2202,wow
2203,trees
2204,GlobalOffensive
2205,GlobalOffensive
2206,movies
2207,europe
2208,hockey
2209,nfl
2210,conspiracy
2211,Music
2212,Music
2213,Overwatch
2214,gameofthrones
2215,soccer
2216,worldnews
2217,funny
2218,Overwatch
2219,baseball
2220,wow
2221,baseball
2222,leagueoflegends
2223,GlobalOffensive
2224,leagueoflegends
2225,Music
2226,funny
2227,worldnews
2228,europe
2229,Overwatch
2230,GlobalOffensive
2231,anime
2232,wow
2233,nba
2234,trees
2235,GlobalOffensive
2236,wow
2237,funny
2238,europe
2239,trees
2240,europe
2241,gameofthrones
2242,Music
2243,Overwatch
2244,trees
2245,nfl
2246,canada
2247,funny
2248,canada
2249,europe
2250,conspiracy
2251,GlobalOffensive
2252,wow
2253,canada
2254,europe
2255,conspiracy
2256,canada
2257,wow
2258,conspiracy
2259,hockey
2260,worldnews
2261,baseball
2262,gameofthrones
2263,movies
2264,gameofthrones
2265,AskReddit
2266,wow
2267,leagueoflegends
2268,Overwatch
2269,wow
2270,baseball
2271,worldnews
2272,hockey
2273,canada
2274,Overwatch
2275,nba
2276,conspiracy
2277,trees
2278,funny
2279,funny
2280,conspiracy
2281,hockey
2282,canada
2283,movies
2284,soccer
2285,AskReddit
2286,anime
2287,soccer
2288,hockey
2289,funny
2290,nfl
2291,canada
2292,europe
2293,nfl
2294,Overwatch
2295,funny
2296,AskReddit
2297,trees
2298,hockey
2299,conspiracy
2300,nfl
2301,hockey
2302,worldnews
2303,baseball
2304,movies
2305,wow
2306,anime
2307,GlobalOffensive
2308,leagueoflegends
2309,AskReddit
2310,hockey
2311,soccer
2312,movies
2313,europe
2314,Music
2315,GlobalOffensive
2316,soccer
2317,nba
2318,trees
2319,GlobalOffensive
2320,leagueoflegends
2321,nba
2322,leagueoflegends
2323,GlobalOffensive
2324,movies
2325,funny
2326,nba
2327,hockey
2328,funny
2329,Music
2330,europe
2331,leagueoflegends
2332,anime
2333,wow
2334,GlobalOffensive
2335,europe
2336,canada
2337,nba
2338,movies
2339,GlobalOffensive
2340,wow
2341,hockey
2342,Music
2343,nfl
2344,nba
2345,Music
2346,hockey
2347,soccer
2348,gameofthrones
2349,canada
2350,funny
2351,funny
2352,nfl
2353,AskReddit
2354,Overwatch
2355,europe
2356,conspiracy
2357,soccer
2358,nba
2359,canada
2360,anime
2361,anime
2362,movies
2363,canada
2364,nba
2365,Overwatch
2366,wow
2367,funny
2368,GlobalOffensive
2369,baseball
2370,nfl
2371,wow
2372,gameofthrones
2373,hockey
2374,worldnews
2375,movies
2376,nba
2377,europe
2378,anime
2379,nba
2380,leagueoflegends
2381,Overwatch
2382,anime
2383,leagueoflegends
2384,AskReddit
2385,hockey
2386,anime
2387,AskReddit
2388,trees
2389,GlobalOffensive
2390,Music
2391,nfl
2392,wow
2393,GlobalOffensive
2394,worldnews
2395,Overwatch
2396,trees
2397,worldnews
2398,nba
2399,conspiracy
2400,AskReddit
2401,Overwatch
2402,europe
2403,nba
2404,baseball
2405,nba
2406,Overwatch
2407,Music
2408,wow
2409,baseball
2410,baseball
2411,anime
2412,baseball
2413,conspiracy
2414,worldnews
2415,conspiracy
2416,funny
2417,funny
2418,gameofthrones
2419,AskReddit
2420,wow
2421,baseball
2422,conspiracy
2423,baseball
2424,nfl
2425,conspiracy
2426,GlobalOffensive
2427,funny
2428,funny
2429,wow
2430,GlobalOffensive
2431,baseball
2432,wow
2433,Overwatch
2434,trees
2435,funny
2436,canada
2437,soccer
2438,gameofthrones
2439,Music
2440,AskReddit
2441,funny
2442,Overwatch
2443,nba
2444,nba
2445,anime
2446,funny
2447,trees
2448,conspiracy
2449,nba
2450,gameofthrones
2451,soccer
2452,GlobalOffensive
2453,conspiracy
2454,baseball
2455,leagueoflegends
2456,nba
2457,europe
2458,nba
2459,nba
2460,GlobalOffensive
2461,conspiracy
2462,baseball
2463,worldnews
2464,worldnews
2465,Music
2466,funny
2467,canada
2468,AskReddit
2469,GlobalOffensive
2470,Music
2471,anime
2472,nba
2473,GlobalOffensive
2474,hockey
2475,soccer
2476,Music
2477,movies
2478,europe
2479,soccer
2480,worldnews
2481,AskReddit
2482,conspiracy
2483,AskReddit
2484,baseball
2485,trees
2486,Overwatch
2487,GlobalOffensive
2488,Music
2489,nfl
2490,canada
2491,GlobalOffensive
2492,baseball
2493,movies
2494,conspiracy
2495,canada
2496,movies
2497,worldnews
2498,hockey
2499,baseball
2500,hockey
2501,canada
2502,wow
2503,funny
2504,movies
2505,hockey
2506,worldnews
2507,soccer
2508,Music
2509,canada
2510,gameofthrones
2511,nfl
2512,wow
2513,leagueoflegends
2514,movies
2515,GlobalOffensive
2516,trees
2517,Overwatch
2518,hockey
2519,europe
2520,europe
2521,movies
2522,trees
2523,soccer
2524,baseball
2525,wow
2526,Overwatch
2527,movies
2528,funny
2529,Music
2530,canada
2531,leagueoflegends
2532,Overwatch
2533,Music
2534,hockey
2535,trees
2536,anime
2537,nba
2538,Music
2539,hockey
2540,AskReddit
2541,Music
2542,worldnews
2543,soccer
2544,trees
2545,trees
2546,canada
2547,hockey
2548,soccer
2549,funny
2550,Overwatch
2551,AskReddit
2552,nba
2553,soccer
2554,conspiracy
2555,funny
2556,trees
2557,funny
2558,gameofthrones
2559,worldnews
2560,worldnews
2561,soccer
2562,soccer
2563,hockey
2564,soccer
2565,Overwatch
2566,worldnews
2567,trees
2568,baseball
2569,baseball
2570,Music
2571,conspiracy
2572,anime
2573,funny
2574,funny
2575,baseball
2576,Overwatch
2577,Overwatch
2578,funny
2579,hockey
2580,baseball
2581,nba
2582,europe
2583,gameofthrones
2584,leagueoflegends
2585,worldnews
2586,soccer
2587,Music
2588,nba
2589,soccer
2590,GlobalOffensive
2591,movies
2592,Music
2593,movies
2594,conspiracy
2595,movies
2596,nba
2597,wow
2598,trees
2599,gameofthrones
2600,gameofthrones
2601,canada
2602,funny
2603,movies
2604,conspiracy
2605,hockey
2606,nfl
2607,leagueoflegends
2608,GlobalOffensive
2609,funny
2610,wow
2611,AskReddit
2612,worldnews
2613,worldnews
2614,gameofthrones
2615,leagueoflegends
2616,europe
2617,canada
2618,canada
2619,leagueoflegends
2620,GlobalOffensive
2621,AskReddit
2622,hockey
2623,wow
2624,nba
2625,anime
2626,worldnews
2627,worldnews
2628,trees
2629,soccer
2630,funny
2631,nba
2632,worldnews
2633,soccer
2634,movies
2635,soccer
2636,nfl
2637,nfl
2638,Music
2639,nfl
2640,GlobalOffensive
2641,nba
2642,gameofthrones
2643,trees
2644,worldnews
2645,nba
2646,Music
2647,Overwatch
2648,Music
2649,wow
2650,soccer
2651,trees
2652,movies
2653,trees
2654,baseball
2655,Music
2656,hockey
2657,hockey
2658,GlobalOffensive
2659,funny
2660,nba
2661,nba
2662,movies
2663,trees
2664,baseball
2665,Overwatch
2666,worldnews
2667,soccer
2668,baseball
2669,funny
2670,wow
2671,gameofthrones
2672,soccer
2673,baseball
2674,wow
2675,worldnews
2676,movies
2677,canada
2678,gameofthrones
2679,europe
2680,europe
2681,europe
2682,AskReddit
2683,conspiracy
2684,worldnews
2685,Music
2686,soccer
2687,canada
2688,worldnews
2689,AskReddit
2690,worldnews
2691,baseball
2692,baseball
2693,wow
2694,leagueoflegends
2695,AskReddit
2696,wow
2697,trees
2698,hockey
2699,nba
2700,gameofthrones
2701,anime
2702,soccer
2703,gameofthrones
2704,conspiracy
2705,worldnews
2706,hockey
2707,anime
2708,gameofthrones
2709,funny
2710,canada
2711,worldnews
2712,gameofthrones
2713,baseball
2714,GlobalOffensive
2715,conspiracy
2716,leagueoflegends
2717,worldnews
2718,AskReddit
2719,funny
2720,wow
2721,trees
2722,anime
2723,Music
2724,trees
2725,movies
2726,conspiracy
2727,gameofthrones
2728,wow
2729,Overwatch
2730,wow
2731,Overwatch
2732,nba
2733,nfl
2734,nfl
2735,hockey
2736,Overwatch
2737,funny
2738,wow
2739,nfl
2740,gameofthrones
2741,leagueoflegends
2742,GlobalOffensive
2743,europe
2744,nfl
2745,hockey
2746,leagueoflegends
2747,conspiracy
2748,conspiracy
2749,AskReddit
2750,gameofthrones
2751,baseball
2752,GlobalOffensive
2753,conspiracy
2754,canada
2755,worldnews
2756,hockey
2757,trees
2758,baseball
2759,leagueoflegends
2760,gameofthrones
2761,conspiracy
2762,leagueoflegends
2763,soccer
2764,nba
2765,europe
2766,trees
2767,hockey
2768,Music
2769,gameofthrones
2770,baseball
2771,worldnews
2772,movies
2773,leagueoflegends
2774,Overwatch
2775,soccer
2776,soccer
2777,canada
2778,Music
2779,anime
2780,Overwatch
2781,hockey
2782,conspiracy
2783,gameofthrones
2784,leagueoflegends
2785,europe
2786,hockey
2787,worldnews
2788,canada
2789,AskReddit
2790,conspiracy
2791,trees
2792,worldnews
2793,wow
2794,Overwatch
2795,anime
2796,baseball
2797,leagueoflegends
2798,soccer
2799,anime
2800,nba
2801,anime
2802,Music
2803,trees
2804,conspiracy
2805,movies
2806,anime
2807,soccer
2808,movies
2809,soccer
2810,worldnews
2811,gameofthrones
2812,GlobalOffensive
2813,GlobalOffensive
2814,funny
2815,anime
2816,GlobalOffensive
2817,soccer
2818,nfl
2819,baseball
2820,canada
2821,hockey
2822,gameofthrones
2823,wow
2824,funny
2825,europe
2826,Overwatch
2827,AskReddit
2828,trees
2829,canada
2830,movies
2831,funny
2832,funny
2833,nba
2834,hockey
2835,europe
2836,hockey
2837,nba
2838,canada
2839,nfl
2840,funny
2841,movies
2842,conspiracy
2843,Overwatch
2844,trees
2845,soccer
2846,movies
2847,conspiracy
2848,leagueoflegends
2849,baseball
2850,GlobalOffensive
2851,nba
2852,nba
2853,wow
2854,movies
2855,nba
2856,conspiracy
2857,movies
2858,europe
2859,canada
2860,conspiracy
2861,Overwatch
2862,nba
2863,nfl
2864,conspiracy
2865,nba
2866,gameofthrones
2867,wow
2868,movies
2869,AskReddit
2870,trees
2871,worldnews
2872,canada
2873,funny
2874,nba
2875,baseball
2876,nba
2877,trees
2878,conspiracy
2879,gameofthrones
2880,canada
2881,gameofthrones
2882,europe
2883,nba
2884,movies
2885,canada
2886,nba
2887,Overwatch
2888,europe
2889,europe
2890,wow
2891,movies
2892,europe
2893,europe
2894,GlobalOffensive
2895,canada
2896,hockey
2897,leagueoflegends
2898,movies
2899,conspiracy
2900,baseball
2901,Music
2902,nfl
2903,GlobalOffensive
2904,trees
2905,conspiracy
2906,trees
2907,worldnews
2908,hockey
2909,AskReddit
2910,funny
2911,nfl
2912,nfl
2913,Overwatch
2914,Overwatch
2915,trees
2916,anime
2917,nba
2918,trees
2919,europe
2920,GlobalOffensive
2921,anime
2922,europe
2923,nfl
2924,Music
2925,leagueoflegends
2926,trees
2927,wow
2928,baseball
2929,AskReddit
2930,baseball
2931,movies
2932,wow
2933,worldnews
2934,Music
2935,Overwatch
2936,trees
2937,baseball
2938,funny
2939,wow
2940,trees
2941,leagueoflegends
2942,europe
2943,nba
2944,Music
2945,soccer
2946,worldnews
2947,GlobalOffensive
2948,hockey
2949,hockey
2950,nba
2951,wow
2952,conspiracy
2953,trees
2954,anime
2955,wow
2956,wow
2957,conspiracy
2958,baseball
2959,leagueoflegends
2960,trees
2961,europe
2962,baseball
2963,nba
2964,conspiracy
2965,GlobalOffensive
2966,Music
2967,movies
2968,canada
2969,gameofthrones
2970,canada
2971,hockey
2972,conspiracy
2973,worldnews
2974,europe
2975,trees
2976,wow
2977,baseball
2978,worldnews
2979,trees
2980,trees
2981,worldnews
2982,Music
2983,nfl
2984,soccer
2985,gameofthrones
2986,wow
2987,GlobalOffensive
2988,anime
2989,funny
2990,leagueoflegends
2991,AskReddit
2992,canada
2993,wow
2994,hockey
2995,leagueoflegends
2996,movies
2997,movies
2998,leagueoflegends
2999,trees
3000,hockey
3001,hockey
3002,wow
3003,AskReddit
3004,nfl
3005,nba
3006,trees
3007,nba
3008,conspiracy
3009,baseball
3010,hockey
3011,nfl
3012,soccer
3013,baseball
3014,Overwatch
3015,conspiracy
3016,nfl
3017,canada
3018,worldnews
3019,worldnews
3020,funny
3021,nfl
3022,anime
3023,Overwatch
3024,nfl
3025,hockey
3026,canada
3027,conspiracy
3028,leagueoflegends
3029,conspiracy
3030,leagueoflegends
3031,leagueoflegends
3032,funny
3033,Music
3034,europe
3035,wow
3036,wow
3037,baseball
3038,conspiracy
3039,wow
3040,nba
3041,soccer
3042,Overwatch
3043,nfl
3044,worldnews
3045,canada
3046,AskReddit
3047,nfl
3048,anime
3049,gameofthrones
3050,nfl
3051,soccer
3052,movies
3053,wow
3054,movies
3055,worldnews
3056,AskReddit
3057,conspiracy
3058,Music
3059,leagueoflegends
3060,conspiracy
3061,GlobalOffensive
3062,conspiracy
3063,leagueoflegends
3064,GlobalOffensive
3065,hockey
3066,canada
3067,baseball
3068,gameofthrones
3069,GlobalOffensive
3070,nba
3071,soccer
3072,canada
3073,trees
3074,movies
3075,Overwatch
3076,nfl
3077,worldnews
3078,anime
3079,worldnews
3080,Music
3081,worldnews
3082,leagueoflegends
3083,soccer
3084,europe
3085,trees
3086,nfl
3087,hockey
3088,nfl
3089,conspiracy
3090,Overwatch
3091,AskReddit
3092,GlobalOffensive
3093,canada
3094,anime
3095,Overwatch
3096,europe
3097,baseball
3098,funny
3099,baseball
3100,leagueoflegends
3101,funny
3102,Overwatch
3103,anime
3104,hockey
3105,Overwatch
3106,nfl
3107,wow
3108,funny
3109,hockey
3110,baseball
3111,movies
3112,conspiracy
3113,soccer
3114,canada
3115,worldnews
3116,trees
3117,conspiracy
3118,trees
3119,europe
3120,worldnews
3121,canada
3122,hockey
3123,trees
3124,hockey
3125,AskReddit
3126,AskReddit
3127,europe
3128,funny
3129,trees
3130,Music
3131,movies
3132,Music
3133,hockey
3134,GlobalOffensive
3135,hockey
3136,nfl
3137,trees
3138,worldnews
3139,leagueoflegends
3140,nba
3141,hockey
3142,leagueoflegends
3143,AskReddit
3144,gameofthrones
3145,worldnews
3146,soccer
3147,gameofthrones
3148,Overwatch
3149,trees
3150,trees
3151,movies
3152,Overwatch
3153,leagueoflegends
3154,GlobalOffensive
3155,trees
3156,Overwatch
3157,GlobalOffensive
3158,Music
3159,worldnews
3160,leagueoflegends
3161,hockey
3162,funny
3163,hockey
3164,anime
3165,movies
3166,anime
3167,canada
3168,europe
3169,wow
3170,worldnews
3171,Overwatch
3172,hockey
3173,GlobalOffensive
3174,trees
3175,Music
3176,hockey
3177,hockey
3178,nfl
3179,Music
3180,soccer
3181,wow
3182,soccer
3183,soccer
3184,baseball
3185,AskReddit
3186,nfl
3187,canada
3188,nba
3189,europe
3190,nba
3191,soccer
3192,trees
3193,movies
3194,Overwatch
3195,soccer
3196,nba
3197,canada
3198,europe
3199,movies
3200,canada
3201,hockey
3202,soccer
3203,canada
3204,conspiracy
3205,trees
3206,trees
3207,funny
3208,trees
3209,Music
3210,AskReddit
3211,worldnews
3212,Overwatch
3213,anime
3214,movies
3215,baseball
3216,worldnews
3217,anime
3218,trees
3219,anime
3220,nba
3221,baseball
3222,Overwatch
3223,Music
3224,baseball
3225,funny
3226,gameofthrones
3227,gameofthrones
3228,europe
3229,AskReddit
3230,GlobalOffensive
3231,funny
3232,gameofthrones
3233,hockey
3234,AskReddit
3235,canada
3236,gameofthrones
3237,Music
3238,europe
3239,funny
3240,nfl
3241,GlobalOffensive
3242,anime
3243,nba
3244,movies
3245,anime
3246,AskReddit
3247,gameofthrones
3248,Music
3249,funny
3250,nfl
3251,trees
3252,trees
3253,gameofthrones
3254,conspiracy
3255,soccer
3256,nfl
3257,movies
3258,worldnews
3259,worldnews
3260,wow
3261,GlobalOffensive
3262,GlobalOffensive
3263,nba
3264,worldnews
3265,hockey
3266,gameofthrones
3267,nfl
3268,Music
3269,trees
3270,europe
3271,hockey
3272,Overwatch
3273,trees
3274,worldnews
3275,funny
3276,hockey
3277,GlobalOffensive
3278,conspiracy
3279,movies
3280,soccer
3281,leagueoflegends
3282,soccer
3283,Music
3284,funny
3285,conspiracy
3286,soccer
3287,movies
3288,anime
3289,soccer
3290,movies
3291,Music
3292,leagueoflegends
3293,baseball
3294,movies
3295,anime
3296,baseball
3297,nfl
3298,conspiracy
3299,funny
3300,AskReddit
3301,GlobalOffensive
3302,AskReddit
3303,AskReddit
3304,worldnews
3305,worldnews
3306,funny
3307,nba
3308,AskReddit
3309,trees
3310,AskReddit
3311,movies
3312,Music
3313,gameofthrones
3314,europe
3315,conspiracy
3316,conspiracy
3317,baseball
3318,funny
3319,Overwatch
3320,GlobalOffensive
3321,nfl
3322,soccer
3323,anime
3324,hockey
3325,europe
3326,europe
3327,europe
3328,nfl
3329,conspiracy
3330,wow
3331,GlobalOffensive
3332,Overwatch
3333,nba
3334,anime
3335,movies
3336,baseball
3337,leagueoflegends
3338,hockey
3339,soccer
3340,gameofthrones
3341,Music
3342,hockey
3343,AskReddit
3344,baseball
3345,anime
3346,wow
3347,movies
3348,hockey
3349,Overwatch
3350,gameofthrones
3351,conspiracy
3352,conspiracy
3353,canada
3354,hockey
3355,nfl
3356,Overwatch
3357,leagueoflegends
3358,canada
3359,Overwatch
3360,gameofthrones
3361,leagueoflegends
3362,GlobalOffensive
3363,wow
3364,soccer
3365,GlobalOffensive
3366,europe
3367,hockey
3368,gameofthrones
3369,anime
3370,worldnews
3371,canada
3372,GlobalOffensive
3373,nba
3374,worldnews
3375,baseball
3376,baseball
3377,funny
3378,worldnews
3379,worldnews
3380,nfl
3381,soccer
3382,canada
3383,canada
3384,leagueoflegends
3385,GlobalOffensive
3386,soccer
3387,baseball
3388,wow
3389,wow
3390,nfl
3391,wow
3392,nba
3393,conspiracy
3394,movies
3395,gameofthrones
3396,soccer
3397,gameofthrones
3398,anime
3399,trees
3400,AskReddit
3401,movies
3402,wow
3403,worldnews
3404,movies
3405,worldnews
3406,baseball
3407,nfl
3408,movies
3409,nfl
3410,canada
3411,AskReddit
3412,canada
3413,movies
3414,Overwatch
3415,worldnews
3416,leagueoflegends
3417,conspiracy
3418,soccer
3419,gameofthrones
3420,GlobalOffensive
3421,baseball
3422,gameofthrones
3423,gameofthrones
3424,soccer
3425,funny
3426,AskReddit
3427,Music
3428,europe
3429,trees
3430,europe
3431,AskReddit
3432,gameofthrones
3433,Music
3434,wow
3435,movies
3436,canada
3437,wow
3438,movies
3439,movies
3440,hockey
3441,nba
3442,GlobalOffensive
3443,leagueoflegends
3444,wow
3445,conspiracy
3446,hockey
3447,funny
3448,GlobalOffensive
3449,baseball
3450,worldnews
3451,funny
3452,trees
3453,leagueoflegends
3454,leagueoflegends
3455,AskReddit
3456,baseball
3457,leagueoflegends
3458,baseball
3459,nfl
3460,soccer
3461,nfl
3462,conspiracy
3463,leagueoflegends
3464,trees
3465,conspiracy
3466,movies
3467,anime
3468,worldnews
3469,gameofthrones
3470,conspiracy
3471,nfl
3472,wow
3473,Overwatch
3474,wow
3475,trees
3476,soccer
3477,nfl
3478,baseball
3479,anime
3480,hockey
3481,Music
3482,worldnews
3483,conspiracy
3484,GlobalOffensive
3485,Music
3486,funny
3487,anime
3488,nba
3489,gameofthrones
3490,worldnews
3491,worldnews
3492,trees
3493,conspiracy
3494,funny
3495,soccer
3496,canada
3497,funny
3498,conspiracy
3499,AskReddit
3500,wow
3501,soccer
3502,AskReddit
3503,Music
3504,conspiracy
3505,nba
3506,worldnews
3507,gameofthrones
3508,gameofthrones
3509,anime
3510,europe
3511,canada
3512,canada
3513,nfl
3514,trees
3515,gameofthrones
3516,leagueoflegends
3517,anime
3518,europe
3519,conspiracy
3520,soccer
3521,canada
3522,hockey
3523,nfl
3524,AskReddit
3525,nba
3526,leagueoflegends
3527,leagueoflegends
3528,nba
3529,leagueoflegends
3530,soccer
3531,europe
3532,hockey
3533,trees
3534,trees
3535,soccer
3536,leagueoflegends
3537,trees
3538,trees
3539,AskReddit
3540,leagueoflegends
3541,AskReddit
3542,Music
3543,GlobalOffensive
3544,Overwatch
3545,trees
3546,conspiracy
3547,trees
3548,anime
3549,nba
3550,europe
3551,Overwatch
3552,conspiracy
3553,wow
3554,soccer
3555,conspiracy
3556,canada
3557,hockey
3558,GlobalOffensive
3559,nfl
3560,nba
3561,europe
3562,AskReddit
3563,AskReddit
3564,baseball
3565,europe
3566,wow
3567,wow
3568,AskReddit
3569,funny
3570,wow
3571,movies
3572,leagueoflegends
3573,conspiracy
3574,wow
3575,movies
3576,wow
3577,canada
3578,europe
3579,funny
3580,funny
3581,anime
3582,Music
3583,movies
3584,AskReddit
3585,europe
3586,nfl
3587,nfl
3588,canada
3589,conspiracy
3590,worldnews
3591,conspiracy
3592,wow
3593,soccer
3594,gameofthrones
3595,nba
3596,baseball
3597,soccer
3598,anime
3599,movies
3600,baseball
3601,anime
3602,leagueoflegends
3603,AskReddit
3604,leagueoflegends
3605,soccer
3606,Music
3607,GlobalOffensive
3608,conspiracy
3609,baseball
3610,wow
3611,conspiracy
3612,movies
3613,Music
3614,Music
3615,conspiracy
3616,baseball
3617,hockey
3618,europe
3619,Overwatch
3620,europe
3621,trees
3622,nba
3623,GlobalOffensive
3624,GlobalOffensive
3625,funny
3626,europe
3627,Overwatch
3628,GlobalOffensive
3629,nfl
3630,conspiracy
3631,nba
3632,Music
3633,wow
3634,AskReddit
3635,funny
3636,leagueoflegends
3637,Music
3638,baseball
3639,wow
3640,worldnews
3641,gameofthrones
3642,movies
3643,AskReddit
3644,movies
3645,GlobalOffensive
3646,GlobalOffensive
3647,leagueoflegends
3648,funny
3649,GlobalOffensive
3650,trees
3651,leagueoflegends
3652,baseball
3653,conspiracy
3654,anime
3655,Music
3656,soccer
3657,funny
3658,canada
3659,worldnews
3660,GlobalOffensive
3661,nfl
3662,funny
3663,nfl
3664,trees
3665,movies
3666,nba
3667,anime
3668,trees
3669,movies
3670,conspiracy
3671,soccer
3672,trees
3673,Overwatch
3674,AskReddit
3675,movies
3676,hockey
3677,Overwatch
3678,hockey
3679,AskReddit
3680,trees
3681,trees
3682,funny
3683,movies
3684,baseball
3685,GlobalOffensive
3686,baseball
3687,baseball
3688,funny
3689,AskReddit
3690,canada
3691,GlobalOffensive
3692,europe
3693,funny
3694,soccer
3695,conspiracy
3696,Music
3697,europe
3698,worldnews
3699,hockey
3700,anime
3701,movies
3702,AskReddit
3703,conspiracy
3704,worldnews
3705,AskReddit
3706,AskReddit
3707,AskReddit
3708,funny
3709,Music
3710,anime
3711,Music
3712,funny
3713,wow
3714,anime
3715,canada
3716,anime
3717,GlobalOffensive
3718,Music
3719,Music
3720,gameofthrones
3721,europe
3722,canada
3723,funny
3724,anime
3725,europe
3726,europe
3727,anime
3728,nfl
3729,conspiracy
3730,anime
3731,worldnews
3732,europe
3733,Music
3734,wow
3735,nba
3736,Music
3737,AskReddit
3738,europe
3739,anime
3740,anime
3741,nfl
3742,GlobalOffensive
3743,canada
3744,trees
3745,soccer
3746,canada
3747,conspiracy
3748,hockey
3749,AskReddit
3750,funny
3751,canada
3752,movies
3753,anime
3754,nfl
3755,gameofthrones
3756,conspiracy
3757,funny
3758,anime
3759,trees
3760,trees
3761,europe
3762,nba
3763,nba
3764,worldnews
3765,wow
3766,leagueoflegends
3767,trees
3768,Overwatch
3769,canada
3770,soccer
3771,canada
3772,leagueoflegends
3773,wow
3774,nba
3775,trees
3776,GlobalOffensive
3777,europe
3778,gameofthrones
3779,GlobalOffensive
3780,Overwatch
3781,trees
3782,anime
3783,wow
3784,wow
3785,funny
3786,funny
3787,leagueoflegends
3788,soccer
3789,baseball
3790,conspiracy
3791,GlobalOffensive
3792,trees
3793,canada
3794,movies
3795,trees
3796,conspiracy
3797,canada
3798,movies
3799,anime
3800,anime
3801,Overwatch
3802,AskReddit
3803,Music
3804,anime
3805,nfl
3806,europe
3807,baseball
3808,worldnews
3809,trees
3810,GlobalOffensive
3811,Music
3812,soccer
3813,hockey
3814,europe
3815,movies
3816,wow
3817,nfl
3818,hockey
3819,worldnews
3820,Overwatch
3821,canada
3822,baseball
3823,AskReddit
3824,nba
3825,funny
3826,hockey
3827,trees
3828,Music
3829,movies
3830,leagueoflegends
3831,GlobalOffensive
3832,nfl
3833,GlobalOffensive
3834,GlobalOffensive
3835,Overwatch
3836,GlobalOffensive
3837,wow
3838,AskReddit
3839,conspiracy
3840,movies
3841,Overwatch
3842,movies
3843,GlobalOffensive
3844,nfl
3845,gameofthrones
3846,hockey
3847,hockey
3848,hockey
3849,wow
3850,worldnews
3851,baseball
3852,nfl
3853,funny
3854,nfl
3855,canada
3856,GlobalOffensive
3857,Overwatch
3858,anime
3859,Overwatch
3860,Overwatch
3861,hockey
3862,funny
3863,movies
3864,baseball
3865,wow
3866,nba
3867,anime
3868,movies
3869,nfl
3870,GlobalOffensive
3871,trees
3872,gameofthrones
3873,Overwatch
3874,anime
3875,soccer
3876,anime
3877,GlobalOffensive
3878,Music
3879,Overwatch
3880,baseball
3881,movies
3882,worldnews
3883,hockey
3884,leagueoflegends
3885,anime
3886,worldnews
3887,GlobalOffensive
3888,nba
3889,conspiracy
3890,trees
3891,hockey
3892,worldnews
3893,canada
3894,Music
3895,gameofthrones
3896,canada
3897,soccer
3898,anime
3899,nba
3900,wow
3901,nba
3902,canada
3903,movies
3904,hockey
3905,AskReddit
3906,canada
3907,hockey
3908,nba
3909,nba
3910,nba
3911,trees
3912,wow
3913,GlobalOffensive
3914,soccer
3915,anime
3916,nba
3917,worldnews
3918,baseball
3919,europe
3920,canada
3921,europe
3922,conspiracy
3923,conspiracy
3924,wow
3925,hockey
3926,europe
3927,worldnews
3928,hockey
3929,trees
3930,GlobalOffensive
3931,AskReddit
3932,gameofthrones
3933,canada
3934,leagueoflegends
3935,baseball
3936,trees
3937,gameofthrones
3938,europe
3939,gameofthrones
3940,nfl
3941,wow
3942,nfl
3943,movies
3944,baseball
3945,funny
3946,funny
3947,wow
3948,funny
3949,GlobalOffensive
3950,europe
3951,worldnews
3952,wow
3953,conspiracy
3954,conspiracy
3955,canada
3956,baseball
3957,anime
3958,soccer
3959,funny
3960,AskReddit
3961,Overwatch
3962,Music
3963,nfl
3964,baseball
3965,gameofthrones
3966,baseball
3967,gameofthrones
3968,nba
3969,anime
3970,europe
3971,AskReddit
3972,conspiracy
3973,nfl
3974,worldnews
3975,nfl
3976,baseball
3977,gameofthrones
3978,Music
3979,conspiracy
3980,wow
3981,leagueoflegends
3982,canada
3983,Overwatch
3984,trees
3985,baseball
3986,AskReddit
3987,baseball
3988,trees
3989,leagueoflegends
3990,europe
3991,baseball
3992,canada
3993,GlobalOffensive
3994,Overwatch
3995,funny
3996,europe
3997,Overwatch
3998,movies
3999,baseball
4000,funny
4001,baseball
4002,leagueoflegends
4003,gameofthrones
4004,soccer
4005,leagueoflegends
4006,Music
4007,canada
4008,GlobalOffensive
4009,europe
4010,nba
4011,Overwatch
4012,Music
4013,conspiracy
4014,europe
4015,Music
4016,baseball
4017,baseball
4018,GlobalOffensive
4019,GlobalOffensive
4020,Music
4021,funny
4022,Music
4023,soccer
4024,GlobalOffensive
4025,europe
4026,soccer
4027,europe
4028,conspiracy
4029,hockey
4030,leagueoflegends
4031,GlobalOffensive
4032,soccer
4033,Music
4034,canada
4035,Overwatch
4036,AskReddit
4037,leagueoflegends
4038,anime
4039,leagueoflegends
4040,nfl
4041,conspiracy
4042,worldnews
4043,AskReddit
4044,canada
4045,AskReddit
4046,movies
4047,worldnews
4048,europe
4049,nba
4050,worldnews
4051,nfl
4052,Music
4053,AskReddit
4054,anime
4055,conspiracy
4056,funny
4057,nfl
4058,Overwatch
4059,Music
4060,wow
4061,wow
4062,soccer
4063,anime
4064,Overwatch
4065,baseball
4066,nba
4067,movies
4068,canada
4069,movies
4070,AskReddit
4071,canada
4072,leagueoflegends
4073,nba
4074,wow
4075,Music
4076,gameofthrones
4077,movies
4078,hockey
4079,gameofthrones
4080,canada
4081,soccer
4082,leagueoflegends
4083,worldnews
4084,AskReddit
4085,GlobalOffensive
4086,conspiracy
4087,Overwatch
4088,conspiracy
4089,canada
4090,trees
4091,Overwatch
4092,wow
4093,nba
4094,Overwatch
4095,conspiracy
4096,conspiracy
4097,AskReddit
4098,funny
4099,canada
4100,conspiracy
4101,conspiracy
4102,AskReddit
4103,movies
4104,wow
4105,anime
4106,wow
4107,conspiracy
4108,hockey
4109,Overwatch
4110,trees
4111,gameofthrones
4112,funny
4113,anime
4114,trees
4115,Overwatch
4116,GlobalOffensive
4117,wow
4118,Overwatch
4119,gameofthrones
4120,nba
4121,leagueoflegends
4122,canada
4123,Music
4124,leagueoflegends
4125,nba
4126,nfl
4127,wow
4128,nfl
4129,AskReddit
4130,anime
4131,funny
4132,anime
4133,baseball
4134,Overwatch
4135,GlobalOffensive
4136,Music
4137,baseball
4138,trees
4139,leagueoflegends
4140,worldnews
4141,wow
4142,trees
4143,Music
4144,conspiracy
4145,hockey
4146,canada
4147,trees
4148,nba
4149,europe
4150,nfl
4151,gameofthrones
4152,AskReddit
4153,anime
4154,nba
4155,hockey
4156,europe
4157,AskReddit
4158,funny
4159,nba
4160,wow
4161,trees
4162,worldnews
4163,hockey
4164,leagueoflegends
4165,Music
4166,baseball
4167,soccer
4168,GlobalOffensive
4169,funny
4170,gameofthrones
4171,europe
4172,nba
4173,europe
4174,AskReddit
4175,Music
4176,leagueoflegends
4177,soccer
4178,movies
4179,trees
4180,gameofthrones
4181,trees
4182,AskReddit
4183,anime
4184,Overwatch
4185,europe
4186,Overwatch
4187,hockey
4188,funny
4189,gameofthrones
4190,leagueoflegends
4191,nfl
4192,baseball
4193,nfl
4194,trees
4195,soccer
4196,trees
4197,anime
4198,movies
4199,soccer
4200,soccer
4201,anime
4202,europe
4203,GlobalOffensive
4204,wow
4205,Overwatch
4206,Music
4207,soccer
4208,nfl
4209,leagueoflegends
4210,leagueoflegends
4211,trees
4212,funny
4213,AskReddit
4214,anime
4215,hockey
4216,europe
4217,GlobalOffensive
4218,canada
4219,GlobalOffensive
4220,gameofthrones
4221,europe
4222,europe
4223,baseball
4224,movies
4225,GlobalOffensive
4226,gameofthrones
4227,AskReddit
4228,worldnews
4229,Music
4230,nfl
4231,soccer
4232,GlobalOffensive
4233,movies
4234,nba
4235,anime
4236,nfl
4237,conspiracy
4238,nba
4239,funny
4240,trees
4241,anime
4242,GlobalOffensive
4243,movies
4244,worldnews
4245,funny
4246,worldnews
4247,movies
4248,leagueoflegends
4249,conspiracy
4250,soccer
4251,leagueoflegends
4252,gameofthrones
4253,trees
4254,anime
4255,hockey
4256,anime
4257,leagueoflegends
4258,Music
4259,soccer
4260,funny
4261,gameofthrones
4262,movies
4263,AskReddit
4264,Music
4265,nfl
4266,europe
4267,conspiracy
4268,Music
4269,canada
4270,hockey
4271,europe
4272,worldnews
4273,funny
4274,anime
4275,nfl
4276,soccer
4277,nba
4278,GlobalOffensive
4279,trees
4280,wow
4281,leagueoflegends
4282,nfl
4283,europe
4284,conspiracy
4285,soccer
4286,europe
4287,europe
4288,Overwatch
4289,conspiracy
4290,funny
4291,leagueoflegends
4292,GlobalOffensive
4293,anime
4294,gameofthrones
4295,nfl
4296,baseball
4297,gameofthrones
4298,hockey
4299,canada
4300,worldnews
4301,AskReddit
4302,conspiracy
4303,funny
4304,Overwatch
4305,trees
4306,worldnews
4307,AskReddit
4308,soccer
4309,nfl
4310,anime
4311,canada
4312,leagueoflegends
4313,anime
4314,worldnews
4315,gameofthrones
4316,AskReddit
4317,europe
4318,baseball
4319,gameofthrones
4320,gameofthrones
4321,baseball
4322,baseball
4323,Overwatch
4324,movies
4325,AskReddit
4326,baseball
4327,wow
4328,Music
4329,AskReddit
4330,trees
4331,wow
4332,baseball
4333,soccer
4334,hockey
4335,conspiracy
4336,anime
4337,Overwatch
4338,trees
4339,baseball
4340,AskReddit
4341,anime
4342,GlobalOffensive
4343,wow
4344,Overwatch
4345,baseball
4346,europe
4347,nfl
4348,soccer
4349,hockey
4350,funny
4351,worldnews
4352,leagueoflegends
4353,trees
4354,hockey
4355,wow
4356,GlobalOffensive
4357,nba
4358,canada
4359,gameofthrones
4360,Music
4361,gameofthrones
4362,nfl
4363,anime
4364,europe
4365,trees
4366,anime
4367,hockey
4368,Overwatch
4369,soccer
4370,worldnews
4371,europe
4372,movies
4373,hockey
4374,nfl
4375,soccer
4376,conspiracy
4377,soccer
4378,nfl
4379,nfl
4380,nba
4381,GlobalOffensive
4382,nba
4383,leagueoflegends
4384,gameofthrones
4385,nfl
4386,anime
4387,hockey
4388,gameofthrones
4389,Music
4390,gameofthrones
4391,soccer
4392,trees
4393,anime
4394,canada
4395,nba
4396,GlobalOffensive
4397,leagueoflegends
4398,Overwatch
4399,conspiracy
4400,europe
4401,baseball
4402,GlobalOffensive
4403,baseball
4404,soccer
4405,wow
4406,worldnews
4407,conspiracy
4408,gameofthrones
4409,anime
4410,movies
4411,gameofthrones
4412,Music
4413,nba
4414,GlobalOffensive
4415,nfl
4416,europe
4417,canada
4418,GlobalOffensive
4419,trees
4420,GlobalOffensive
4421,wow
4422,wow
4423,Overwatch
4424,soccer
4425,anime
4426,AskReddit
4427,GlobalOffensive
4428,trees
4429,GlobalOffensive
4430,gameofthrones
4431,gameofthrones
4432,nba
4433,canada
4434,GlobalOffensive
4435,nfl
4436,worldnews
4437,europe
4438,europe
4439,canada
4440,Music
4441,europe
4442,Overwatch
4443,GlobalOffensive
4444,AskReddit
4445,wow
4446,nba
4447,movies
4448,trees
4449,europe
4450,baseball
4451,funny
4452,baseball
4453,hockey
4454,gameofthrones
4455,movies
4456,conspiracy
4457,Music
4458,Music
4459,movies
4460,AskReddit
4461,canada
4462,AskReddit
4463,leagueoflegends
4464,GlobalOffensive
4465,soccer
4466,leagueoflegends
4467,soccer
4468,europe
4469,worldnews
4470,wow
4471,trees
4472,Overwatch
4473,movies
4474,canada
4475,Music
4476,europe
4477,europe
4478,canada
4479,baseball
4480,anime
4481,europe
4482,AskReddit
4483,anime
4484,movies
4485,gameofthrones
4486,movies
4487,gameofthrones
4488,hockey
4489,nfl
4490,leagueoflegends
4491,movies
4492,Music
4493,anime
4494,leagueoflegends
4495,AskReddit
4496,gameofthrones
4497,movies
4498,conspiracy
4499,nfl
4500,baseball
4501,movies
4502,nfl
4503,GlobalOffensive
4504,leagueoflegends
4505,soccer
4506,movies
4507,nba
4508,anime
4509,worldnews
4510,trees
4511,hockey
4512,movies
4513,soccer
4514,canada
4515,gameofthrones
4516,worldnews
4517,baseball
4518,funny
4519,worldnews
4520,trees
4521,gameofthrones
4522,trees
4523,anime
4524,anime
4525,GlobalOffensive
4526,gameofthrones
4527,soccer
4528,soccer
4529,soccer
4530,canada
4531,worldnews
4532,wow
4533,worldnews
4534,Music
4535,AskReddit
4536,soccer
4537,conspiracy
4538,nfl
4539,europe
4540,gameofthrones
4541,Music
4542,leagueoflegends
4543,wow
4544,trees
4545,trees
4546,anime
4547,hockey
4548,europe
4549,gameofthrones
4550,anime
4551,hockey
4552,baseball
4553,baseball
4554,europe
4555,canada
4556,hockey
4557,Music
4558,europe
4559,nba
4560,anime
4561,AskReddit
4562,Overwatch
4563,AskReddit
4564,wow
4565,nfl
4566,baseball
4567,nfl
4568,AskReddit
4569,leagueoflegends
4570,leagueoflegends
4571,funny
4572,nfl
4573,GlobalOffensive
4574,conspiracy
4575,trees
4576,AskReddit
4577,movies
4578,nba
4579,trees
4580,hockey
4581,europe
4582,Overwatch
4583,Music
4584,canada
4585,nba
4586,Music
4587,worldnews
4588,Music
4589,Overwatch
4590,GlobalOffensive
4591,trees
4592,europe
4593,AskReddit
4594,soccer
4595,hockey
4596,AskReddit
4597,canada
4598,Overwatch
4599,trees
4600,nba
4601,conspiracy
4602,nba
4603,GlobalOffensive
4604,anime
4605,conspiracy
4606,wow
4607,funny
4608,conspiracy
4609,AskReddit
4610,nba
4611,GlobalOffensive
4612,Overwatch
4613,leagueoflegends
4614,trees
4615,Music
4616,worldnews
4617,baseball
4618,GlobalOffensive
4619,GlobalOffensive
4620,anime
4621,baseball
4622,europe
4623,gameofthrones
4624,funny
4625,Overwatch
4626,trees
4627,Overwatch
4628,nba
4629,AskReddit
4630,canada
4631,canada
4632,baseball
4633,movies
4634,nba
4635,canada
4636,funny
4637,funny
4638,Music
4639,baseball
4640,europe
4641,worldnews
4642,worldnews
4643,leagueoflegends
4644,soccer
4645,anime
4646,canada
4647,europe
4648,baseball
4649,funny
4650,funny
4651,anime
4652,nfl
4653,GlobalOffensive
4654,conspiracy
4655,hockey
4656,funny
4657,baseball
4658,trees
4659,worldnews
4660,funny
4661,baseball
4662,anime
4663,AskReddit
4664,hockey
4665,soccer
4666,soccer
4667,leagueoflegends
4668,movies
4669,soccer
4670,trees
4671,gameofthrones
4672,baseball
4673,hockey
4674,AskReddit
4675,conspiracy
4676,funny
4677,europe
4678,funny
4679,anime
4680,gameofthrones
4681,Music
4682,gameofthrones
4683,trees
4684,trees
4685,gameofthrones
4686,Music
4687,wow
4688,funny
4689,soccer
4690,europe
4691,Overwatch
4692,nfl
4693,movies
4694,trees
4695,anime
4696,trees
4697,trees
4698,gameofthrones
4699,AskReddit
4700,soccer
4701,worldnews
4702,conspiracy
4703,leagueoflegends
4704,conspiracy
4705,trees
4706,movies
4707,worldnews
4708,conspiracy
4709,gameofthrones
4710,soccer
4711,baseball
4712,gameofthrones
4713,AskReddit
4714,Overwatch
4715,wow
4716,Overwatch
4717,hockey
4718,worldnews
4719,Music
4720,conspiracy
4721,conspiracy
4722,movies
4723,movies
4724,movies
4725,Overwatch
4726,trees
4727,AskReddit
4728,gameofthrones
4729,soccer
4730,soccer
4731,nba
4732,gameofthrones
4733,soccer
4734,gameofthrones
4735,leagueoflegends
4736,wow
4737,nfl
4738,nba
4739,baseball
4740,movies
4741,funny
4742,gameofthrones
4743,trees
4744,wow
4745,canada
4746,gameofthrones
4747,GlobalOffensive
4748,gameofthrones
4749,movies
4750,baseball
4751,funny
4752,GlobalOffensive
4753,baseball
4754,GlobalOffensive
4755,anime
4756,europe
4757,soccer
4758,GlobalOffensive
4759,Overwatch
4760,baseball
4761,hockey
4762,nfl
4763,trees
4764,Music
4765,canada
4766,conspiracy
4767,AskReddit
4768,soccer
4769,trees
4770,funny
4771,europe
4772,wow
4773,AskReddit
4774,hockey
4775,worldnews
4776,europe
4777,europe
4778,worldnews
4779,nfl
4780,wow
4781,conspiracy
4782,baseball
4783,europe
4784,worldnews
4785,Overwatch
4786,funny
4787,europe
4788,trees
4789,movies
4790,movies
4791,Music
4792,conspiracy
4793,gameofthrones
4794,Overwatch
4795,trees
4796,wow
4797,funny
4798,baseball
4799,trees
4800,anime
4801,baseball
4802,funny
4803,europe
4804,gameofthrones
4805,nfl
4806,conspiracy
4807,funny
4808,leagueoflegends
4809,conspiracy
4810,movies
4811,soccer
4812,conspiracy
4813,trees
4814,anime
4815,GlobalOffensive
4816,funny
4817,GlobalOffensive
4818,hockey
4819,worldnews
4820,funny
4821,AskReddit
4822,leagueoflegends
4823,gameofthrones
4824,baseball
4825,nfl
4826,GlobalOffensive
4827,conspiracy
4828,Overwatch
4829,hockey
4830,europe
4831,wow
4832,AskReddit
4833,movies
4834,nba
4835,movies
4836,canada
4837,funny
4838,hockey
4839,nfl
4840,Music
4841,europe
4842,nfl
4843,hockey
4844,hockey
4845,nfl
4846,nba
4847,canada
4848,nfl
4849,AskReddit
4850,wow
4851,nba
4852,soccer
4853,Music
4854,movies
4855,anime
4856,movies
4857,movies
4858,GlobalOffensive
4859,baseball
4860,leagueoflegends
4861,trees
4862,baseball
4863,worldnews
4864,nba
4865,nba
4866,GlobalOffensive
4867,leagueoflegends
4868,baseball
4869,worldnews
4870,canada
4871,funny
4872,soccer
4873,funny
4874,conspiracy
4875,hockey
4876,worldnews
4877,conspiracy
4878,movies
4879,GlobalOffensive
4880,nfl
4881,conspiracy
4882,conspiracy
4883,worldnews
4884,worldnews
4885,Music
4886,trees
4887,baseball
4888,baseball
4889,baseball
4890,wow
4891,wow
4892,movies
4893,funny
4894,europe
4895,trees
4896,movies
4897,baseball
4898,hockey
4899,GlobalOffensive
4900,canada
4901,europe
4902,hockey
4903,funny
4904,AskReddit
4905,gameofthrones
4906,nba
4907,canada
4908,anime
4909,Overwatch
4910,hockey
4911,baseball
4912,AskReddit
4913,conspiracy
4914,gameofthrones
4915,AskReddit
4916,hockey
4917,anime
4918,GlobalOffensive
4919,europe
4920,soccer
4921,baseball
4922,GlobalOffensive
4923,wow
4924,baseball
4925,funny
4926,trees
4927,funny
4928,gameofthrones
4929,leagueoflegends
4930,nba
4931,funny
4932,worldnews
4933,canada
4934,wow
4935,nfl
4936,soccer
4937,europe
4938,conspiracy
4939,funny
4940,canada
4941,baseball
4942,baseball
4943,Music
4944,Music
4945,anime
4946,wow
4947,baseball
4948,leagueoflegends
4949,leagueoflegends
4950,nba
4951,nba
4952,conspiracy
4953,trees
4954,anime
4955,anime
4956,trees
4957,Music
4958,nfl
4959,wow
4960,conspiracy
4961,Overwatch
4962,trees
4963,wow
4964,nba
4965,anime
4966,soccer
4967,funny
4968,nfl
4969,anime
4970,nfl
4971,conspiracy
4972,funny
4973,nfl
4974,baseball
4975,canada
4976,movies
4977,wow
4978,gameofthrones
4979,GlobalOffensive
4980,nba
4981,Music
4982,movies
4983,movies
4984,funny
4985,funny
4986,Overwatch
4987,Music
4988,GlobalOffensive
4989,nba
4990,soccer
4991,nfl
4992,soccer
4993,leagueoflegends
4994,gameofthrones
4995,gameofthrones
4996,europe
4997,wow
4998,funny
4999,worldnews
5000,canada
5001,conspiracy
5002,AskReddit
5003,europe
5004,conspiracy
5005,trees
5006,baseball
5007,nfl
5008,movies
5009,leagueoflegends
5010,soccer
5011,wow
5012,canada
5013,hockey
5014,Music
5015,soccer
5016,wow
5017,Music
5018,soccer
5019,wow
5020,wow
5021,canada
5022,nfl
5023,wow
5024,Overwatch
5025,soccer
5026,movies
5027,baseball
5028,Overwatch
5029,nfl
5030,GlobalOffensive
5031,conspiracy
5032,soccer
5033,nba
5034,nfl
5035,movies
5036,nba
5037,nfl
5038,europe
5039,soccer
5040,Music
5041,gameofthrones
5042,nfl
5043,movies
5044,nfl
5045,hockey
5046,AskReddit
5047,canada
5048,Music
5049,worldnews
5050,Overwatch
5051,conspiracy
5052,worldnews
5053,hockey
5054,europe
5055,gameofthrones
5056,nba
5057,AskReddit
5058,soccer
5059,nba
5060,Overwatch
5061,funny
5062,movies
5063,wow
5064,baseball
5065,GlobalOffensive
5066,anime
5067,wow
5068,gameofthrones
5069,Music
5070,Music
5071,trees
5072,gameofthrones
5073,nfl
5074,worldnews
5075,GlobalOffensive
5076,AskReddit
5077,nfl
5078,worldnews
5079,worldnews
5080,wow
5081,europe
5082,Overwatch
5083,nfl
5084,Overwatch
5085,canada
5086,conspiracy
5087,GlobalOffensive
5088,conspiracy
5089,Overwatch
5090,soccer
5091,funny
5092,movies
5093,soccer
5094,Music
5095,nfl
5096,baseball
5097,GlobalOffensive
5098,conspiracy
5099,nba
5100,gameofthrones
5101,leagueoflegends
5102,hockey
5103,europe
5104,Overwatch
5105,movies
5106,movies
5107,worldnews
5108,nba
5109,gameofthrones
5110,nba
5111,nba
5112,worldnews
5113,canada
5114,Overwatch
5115,conspiracy
5116,gameofthrones
5117,wow
5118,funny
5119,gameofthrones
5120,wow
5121,leagueoflegends
5122,baseball
5123,conspiracy
5124,conspiracy
5125,trees
5126,AskReddit
5127,nfl
5128,canada
5129,anime
5130,soccer
5131,funny
5132,GlobalOffensive
5133,soccer
5134,nfl
5135,wow
5136,funny
5137,soccer
5138,europe
5139,baseball
5140,baseball
5141,canada
5142,Overwatch
5143,Overwatch
5144,nba
5145,movies
5146,conspiracy
5147,anime
5148,nfl
5149,gameofthrones
5150,europe
5151,gameofthrones
5152,wow
5153,nba
5154,funny
5155,anime
5156,soccer
5157,anime
5158,GlobalOffensive
5159,AskReddit
5160,gameofthrones
5161,funny
5162,canada
5163,anime
5164,nba
5165,gameofthrones
5166,trees
5167,anime
5168,Music
5169,nba
5170,trees
5171,worldnews
5172,soccer
5173,Music
5174,AskReddit
5175,soccer
5176,AskReddit
5177,Overwatch
5178,europe
5179,anime
5180,europe
5181,leagueoflegends
5182,canada
5183,leagueoflegends
5184,GlobalOffensive
5185,baseball
5186,canada
5187,nba
5188,wow
5189,anime
5190,Overwatch
5191,wow
5192,worldnews
5193,europe
5194,baseball
5195,funny
5196,conspiracy
5197,AskReddit
5198,funny
5199,anime
5200,AskReddit
5201,nba
5202,trees
5203,baseball
5204,AskReddit
5205,Music
5206,AskReddit
5207,funny
5208,nba
5209,AskReddit
5210,leagueoflegends
5211,AskReddit
5212,Music
5213,soccer
5214,hockey
5215,worldnews
5216,GlobalOffensive
5217,gameofthrones
5218,nfl
5219,Music
5220,soccer
5221,trees
5222,baseball
5223,conspiracy
5224,Music
5225,nfl
5226,Overwatch
5227,GlobalOffensive
5228,baseball
5229,hockey
5230,funny
5231,funny
5232,movies
5233,Overwatch
5234,nfl
5235,nfl
5236,hockey
5237,leagueoflegends
5238,anime
5239,nfl
5240,wow
5241,movies
5242,Overwatch
5243,conspiracy
5244,hockey
5245,funny
5246,trees
5247,funny
5248,trees
5249,soccer
5250,soccer
5251,leagueoflegends
5252,nfl
5253,nfl
5254,gameofthrones
5255,nfl
5256,movies
5257,Music
5258,nba
5259,funny
5260,trees
5261,leagueoflegends
5262,anime
5263,conspiracy
5264,soccer
5265,canada
5266,nba
5267,AskReddit
5268,gameofthrones
5269,europe
5270,wow
5271,wow
5272,hockey
5273,canada
5274,GlobalOffensive
5275,nfl
5276,GlobalOffensive
5277,worldnews
5278,movies
5279,Overwatch
5280,movies
5281,leagueoflegends
5282,AskReddit
5283,AskReddit
5284,anime
5285,gameofthrones
5286,trees
5287,worldnews
5288,baseball
5289,gameofthrones
5290,funny
5291,GlobalOffensive
5292,europe
5293,gameofthrones
5294,funny
5295,soccer
5296,GlobalOffensive
5297,trees
5298,Overwatch
5299,europe
5300,wow
5301,trees
5302,leagueoflegends
5303,Music
5304,nba
5305,Overwatch
5306,conspiracy
5307,wow
5308,hockey
5309,europe
5310,Music
5311,leagueoflegends
5312,nfl
5313,AskReddit
5314,baseball
5315,leagueoflegends
5316,movies
5317,gameofthrones
5318,AskReddit
5319,anime
5320,nfl
5321,trees
5322,soccer
5323,funny
5324,conspiracy
5325,europe
5326,nfl
5327,nba
5328,worldnews
5329,baseball
5330,europe
5331,europe
5332,conspiracy
5333,worldnews
5334,Music
5335,gameofthrones
5336,Music
5337,canada
5338,soccer
5339,Overwatch
5340,conspiracy
5341,hockey
5342,trees
5343,Music
5344,europe
5345,leagueoflegends
5346,gameofthrones
5347,gameofthrones
5348,AskReddit
5349,GlobalOffensive
5350,trees
5351,Overwatch
5352,AskReddit
5353,hockey
5354,movies
5355,europe
5356,gameofthrones
5357,wow
5358,europe
5359,nba
5360,GlobalOffensive
5361,trees
5362,GlobalOffensive
5363,nba
5364,conspiracy
5365,GlobalOffensive
5366,canada
5367,Overwatch
5368,europe
5369,europe
5370,wow
5371,Overwatch
5372,AskReddit
5373,gameofthrones
5374,leagueoflegends
5375,europe
5376,movies
5377,europe
5378,Music
5379,worldnews
5380,hockey
5381,nba
5382,worldnews
5383,soccer
5384,canada
5385,GlobalOffensive
5386,anime
5387,gameofthrones
5388,baseball
5389,gameofthrones
5390,anime
5391,funny
5392,hockey
5393,AskReddit
5394,Overwatch
5395,trees
5396,Music
5397,canada
5398,AskReddit
5399,wow
5400,trees
5401,nba
5402,nfl
5403,europe
5404,leagueoflegends
5405,gameofthrones
5406,AskReddit
5407,anime
5408,gameofthrones
5409,canada
5410,nba
5411,conspiracy
5412,canada
5413,conspiracy
5414,Overwatch
5415,nba
5416,GlobalOffensive
5417,AskReddit
5418,soccer
5419,GlobalOffensive
5420,europe
5421,Overwatch
5422,leagueoflegends
5423,conspiracy
5424,AskReddit
5425,Music
5426,Overwatch
5427,Overwatch
5428,anime
5429,soccer
5430,gameofthrones
5431,funny
5432,baseball
5433,wow
5434,worldnews
5435,wow
5436,wow
5437,trees
5438,Music
5439,hockey
5440,baseball
5441,GlobalOffensive
5442,GlobalOffensive
5443,canada
5444,Overwatch
5445,baseball
5446,movies
5447,Overwatch
5448,movies
5449,canada
5450,baseball
5451,soccer
5452,trees
5453,europe
5454,nfl
5455,hockey
5456,Overwatch
5457,GlobalOffensive
5458,wow
5459,movies
5460,worldnews
5461,soccer
5462,hockey
5463,wow
5464,Overwatch
5465,movies
5466,movies
5467,baseball
5468,nba
5469,canada
5470,GlobalOffensive
5471,baseball
5472,Music
5473,Overwatch
5474,Music
5475,AskReddit
5476,soccer
5477,funny
5478,baseball
5479,movies
5480,nba
5481,canada
5482,soccer
5483,movies
5484,trees
5485,conspiracy
5486,gameofthrones
5487,worldnews
5488,gameofthrones
5489,Overwatch
5490,GlobalOffensive
5491,leagueoflegends
5492,europe
5493,worldnews
5494,Music
5495,europe
5496,anime
5497,AskReddit
5498,AskReddit
5499,anime
5500,Music
5501,Music
5502,Overwatch
5503,wow
5504,wow
5505,conspiracy
5506,Music
5507,Music
5508,conspiracy
5509,conspiracy
5510,movies
5511,trees
5512,baseball
5513,trees
5514,nba
5515,baseball
5516,movies
5517,movies
5518,hockey
5519,soccer
5520,soccer
5521,GlobalOffensive
5522,GlobalOffensive
5523,hockey
5524,Overwatch
5525,AskReddit
5526,conspiracy
5527,AskReddit
5528,europe
5529,canada
5530,leagueoflegends
5531,movies
5532,Overwatch
5533,canada
5534,wow
5535,movies
5536,conspiracy
5537,baseball
5538,GlobalOffensive
5539,trees
5540,conspiracy
5541,anime
5542,canada
5543,leagueoflegends
5544,Overwatch
5545,baseball
5546,hockey
5547,AskReddit
5548,hockey
5549,funny
5550,leagueoflegends
5551,funny
5552,conspiracy
5553,conspiracy
5554,canada
5555,europe
5556,leagueoflegends
5557,GlobalOffensive
5558,AskReddit
5559,movies
5560,movies
5561,Overwatch
5562,anime
5563,europe
5564,trees
5565,GlobalOffensive
5566,Music
5567,conspiracy
5568,wow
5569,canada
5570,Music
5571,movies
5572,movies
5573,worldnews
5574,conspiracy
5575,Overwatch
5576,anime
5577,worldnews
5578,funny
5579,gameofthrones
5580,leagueoflegends
5581,baseball
5582,movies
5583,hockey
5584,europe
5585,hockey
5586,canada
5587,movies
5588,worldnews
5589,movies
5590,leagueoflegends
5591,anime
5592,Music
5593,canada
5594,Overwatch
5595,soccer
5596,nba
5597,anime
5598,hockey
5599,worldnews
5600,baseball
5601,GlobalOffensive
5602,GlobalOffensive
5603,europe
5604,anime
5605,hockey
5606,baseball
5607,movies
5608,funny
5609,anime
5610,gameofthrones
5611,hockey
5612,hockey
5613,GlobalOffensive
5614,europe
5615,hockey
5616,gameofthrones
5617,europe
5618,AskReddit
5619,trees
5620,Overwatch
5621,Music
5622,GlobalOffensive
5623,canada
5624,Overwatch
5625,anime
5626,canada
5627,nba
5628,worldnews
5629,Music
5630,soccer
5631,soccer
5632,trees
5633,worldnews
5634,baseball
5635,nfl
5636,funny
5637,baseball
5638,Overwatch
5639,funny
5640,soccer
5641,soccer
5642,Overwatch
5643,funny
5644,nfl
5645,AskReddit
5646,nfl
5647,hockey
5648,movies
5649,AskReddit
5650,conspiracy
5651,movies
5652,worldnews
5653,conspiracy
5654,Overwatch
5655,nba
5656,canada
5657,worldnews
5658,Music
5659,canada
5660,movies
5661,canada
5662,leagueoflegends
5663,funny
5664,AskReddit
5665,canada
5666,movies
5667,AskReddit
5668,AskReddit
5669,trees
5670,hockey
5671,movies
5672,AskReddit
5673,soccer
5674,wow
5675,movies
5676,Overwatch
5677,Overwatch
5678,funny
5679,leagueoflegends
5680,gameofthrones
5681,Overwatch
5682,gameofthrones
5683,soccer
5684,movies
5685,soccer
5686,nba
5687,baseball
5688,Music
5689,Overwatch
5690,movies
5691,wow
5692,GlobalOffensive
5693,hockey
5694,wow
5695,leagueoflegends
5696,nfl
5697,funny
5698,GlobalOffensive
5699,Overwatch
5700,Overwatch
5701,GlobalOffensive
5702,leagueoflegends
5703,trees
5704,GlobalOffensive
5705,canada
5706,gameofthrones
5707,gameofthrones
5708,anime
5709,worldnews
5710,leagueoflegends
5711,GlobalOffensive
5712,nba
5713,GlobalOffensive
5714,GlobalOffensive
5715,trees
5716,gameofthrones
5717,europe
5718,nba
5719,AskReddit
5720,AskReddit
5721,gameofthrones
5722,trees
5723,nba
5724,GlobalOffensive
5725,wow
5726,nba
5727,funny
5728,Overwatch
5729,leagueoflegends
5730,leagueoflegends
5731,soccer
5732,baseball
5733,Overwatch
5734,conspiracy
5735,Overwatch
5736,leagueoflegends
5737,movies
5738,Music
5739,Overwatch
5740,worldnews
5741,nba
5742,funny
5743,nba
5744,GlobalOffensive
5745,conspiracy
5746,europe
5747,funny
5748,anime
5749,conspiracy
5750,hockey
5751,gameofthrones
5752,GlobalOffensive
5753,funny
5754,funny
5755,gameofthrones
5756,AskReddit
5757,canada
5758,GlobalOffensive
5759,AskReddit
5760,soccer
5761,baseball
5762,europe
5763,canada
5764,soccer
5765,europe
5766,anime
5767,conspiracy
5768,AskReddit
5769,funny
5770,anime
5771,worldnews
5772,worldnews
5773,baseball
5774,europe
5775,Overwatch
5776,Music
5777,nba
5778,AskReddit
5779,worldnews
5780,soccer
5781,anime
5782,baseball
5783,movies
5784,funny
5785,worldnews
5786,trees
5787,wow
5788,gameofthrones
5789,nfl
5790,nfl
5791,movies
5792,baseball
5793,funny
5794,trees
5795,worldnews
5796,wow
5797,leagueoflegends
5798,baseball
5799,trees
5800,anime
5801,gameofthrones
5802,movies
5803,trees
5804,trees
5805,funny
5806,nba
5807,funny
5808,anime
5809,europe
5810,nba
5811,hockey
5812,trees
5813,GlobalOffensive
5814,nba
5815,conspiracy
5816,Overwatch
5817,nba
5818,hockey
5819,canada
5820,worldnews
5821,europe
5822,conspiracy
5823,GlobalOffensive
5824,funny
5825,trees
5826,wow
5827,canada
5828,europe
5829,Music
5830,conspiracy
5831,worldnews
5832,Music
5833,hockey
5834,wow
5835,nba
5836,anime
5837,conspiracy
5838,trees
5839,canada
5840,worldnews
5841,hockey
5842,baseball
5843,Music
5844,AskReddit
5845,gameofthrones
5846,AskReddit
5847,AskReddit
5848,Overwatch
5849,movies
5850,leagueoflegends
5851,baseball
5852,Music
5853,Overwatch
5854,AskReddit
5855,anime
5856,GlobalOffensive
5857,worldnews
5858,soccer
5859,europe
5860,gameofthrones
5861,funny
5862,trees
5863,wow
5864,AskReddit
5865,Music
5866,AskReddit
5867,nba
5868,Overwatch
5869,movies
5870,leagueoflegends
5871,conspiracy
5872,movies
5873,AskReddit
5874,anime
5875,leagueoflegends
5876,Music
5877,GlobalOffensive
5878,Music
5879,gameofthrones
5880,Overwatch
5881,nba
5882,Music
5883,funny
5884,soccer
5885,soccer
5886,europe
5887,GlobalOffensive
5888,worldnews
5889,Music
5890,europe
5891,leagueoflegends
5892,GlobalOffensive
5893,worldnews
5894,gameofthrones
5895,anime
5896,anime
5897,nba
5898,Music
5899,nba
5900,Overwatch
5901,anime
5902,soccer
5903,GlobalOffensive
5904,wow
5905,leagueoflegends
5906,soccer
5907,Overwatch
5908,worldnews
5909,AskReddit
5910,movies
5911,movies
5912,europe
5913,wow
5914,nfl
5915,trees
5916,gameofthrones
5917,AskReddit
5918,gameofthrones
5919,AskReddit
5920,wow
5921,movies
5922,wow
5923,wow
5924,Overwatch
5925,hockey
5926,Overwatch
5927,soccer
5928,GlobalOffensive
5929,conspiracy
5930,baseball
5931,Music
5932,leagueoflegends
5933,gameofthrones
5934,movies
5935,soccer
5936,trees
5937,nfl
5938,conspiracy
5939,hockey
5940,wow
5941,canada
5942,soccer
5943,funny
5944,nba
5945,gameofthrones
5946,nba
5947,conspiracy
5948,Overwatch
5949,leagueoflegends
5950,nba
5951,soccer
5952,hockey
5953,worldnews
5954,gameofthrones
5955,hockey
5956,worldnews
5957,GlobalOffensive
5958,worldnews
5959,trees
5960,trees
5961,soccer
5962,Music
5963,AskReddit
5964,canada
5965,movies
5966,soccer
5967,nba
5968,GlobalOffensive
5969,Overwatch
5970,Overwatch
5971,funny
5972,canada
5973,europe
5974,anime
5975,nba
5976,europe
5977,anime
5978,nba
5979,conspiracy
5980,trees
5981,nba
5982,soccer
5983,trees
5984,worldnews
5985,AskReddit
5986,worldnews
5987,funny
5988,nba
5989,GlobalOffensive
5990,leagueoflegends
5991,Music
5992,hockey
5993,baseball
5994,Overwatch
5995,soccer
5996,trees
5997,funny
5998,anime
5999,hockey
6000,trees
6001,conspiracy
6002,baseball
6003,hockey
6004,movies
6005,nfl
6006,anime
6007,europe
6008,AskReddit
6009,canada
6010,canada
6011,leagueoflegends
6012,nfl
6013,europe
6014,Overwatch
6015,nfl
6016,trees
6017,conspiracy
6018,baseball
6019,leagueoflegends
6020,leagueoflegends
6021,funny
6022,wow
6023,funny
6024,baseball
6025,canada
6026,baseball
6027,europe
6028,leagueoflegends
6029,trees
6030,funny
6031,AskReddit
6032,hockey
6033,Overwatch
6034,funny
6035,GlobalOffensive
6036,movies
6037,trees
6038,worldnews
6039,worldnews
6040,anime
6041,GlobalOffensive
6042,anime
6043,hockey
6044,conspiracy
6045,nfl
6046,baseball
6047,trees
6048,baseball
6049,trees
6050,baseball
6051,gameofthrones
6052,GlobalOffensive
6053,Music
6054,anime
6055,wow
6056,conspiracy
6057,GlobalOffensive
6058,GlobalOffensive
6059,soccer
6060,Overwatch
6061,AskReddit
6062,europe
6063,GlobalOffensive
6064,Music
6065,europe
6066,Overwatch
6067,funny
6068,Overwatch
6069,canada
6070,funny
6071,leagueoflegends
6072,Overwatch
6073,AskReddit
6074,trees
6075,Overwatch
6076,worldnews
6077,leagueoflegends
6078,AskReddit
6079,AskReddit
6080,soccer
6081,funny
6082,europe
6083,Music
6084,canada
6085,AskReddit
6086,baseball
6087,conspiracy
6088,AskReddit
6089,hockey
6090,AskReddit
6091,Music
6092,baseball
6093,canada
6094,Music
6095,trees
6096,anime
6097,movies
6098,soccer
6099,conspiracy
6100,canada
6101,baseball
6102,anime
6103,worldnews
6104,soccer
6105,AskReddit
6106,anime
6107,conspiracy
6108,hockey
6109,funny
6110,Overwatch
6111,gameofthrones
6112,canada
6113,soccer
6114,nba
6115,hockey
6116,wow
6117,Music
6118,anime
6119,AskReddit
6120,worldnews
6121,baseball
6122,Overwatch
6123,nfl
6124,leagueoflegends
6125,europe
6126,canada
6127,anime
6128,baseball
6129,Music
6130,europe
6131,leagueoflegends
6132,GlobalOffensive
6133,anime
6134,hockey
6135,baseball
6136,hockey
6137,leagueoflegends
6138,leagueoflegends
6139,Overwatch
6140,wow
6141,soccer
6142,leagueoflegends
6143,hockey
6144,GlobalOffensive
6145,AskReddit
6146,Music
6147,Music
6148,funny
6149,canada
6150,soccer
6151,nba
6152,nfl
6153,soccer
6154,movies
6155,movies
6156,hockey
6157,worldnews
6158,baseball
6159,trees
6160,Music
6161,soccer
6162,trees
6163,hockey
6164,trees
6165,hockey
6166,nba
6167,gameofthrones
6168,trees
6169,conspiracy
6170,Overwatch
6171,trees
6172,leagueoflegends
6173,canada
6174,funny
6175,GlobalOffensive
6176,trees
6177,soccer
6178,conspiracy
6179,conspiracy
6180,nba
6181,gameofthrones
6182,hockey
6183,europe
6184,europe
6185,gameofthrones
6186,conspiracy
6187,nfl
6188,AskReddit
6189,AskReddit
6190,nfl
6191,nba
6192,conspiracy
6193,Music
6194,GlobalOffensive
6195,gameofthrones
6196,leagueoflegends
6197,leagueoflegends
6198,hockey
6199,worldnews
6200,baseball
6201,movies
6202,AskReddit
6203,canada
6204,anime
6205,nfl
6206,anime
6207,baseball
6208,hockey
6209,Music
6210,canada
6211,nfl
6212,europe
6213,baseball
6214,gameofthrones
6215,AskReddit
6216,hockey
6217,soccer
6218,trees
6219,GlobalOffensive
6220,movies
6221,europe
6222,wow
6223,nba
6224,Overwatch
6225,Overwatch
6226,Overwatch
6227,AskReddit
6228,wow
6229,trees
6230,canada
6231,anime
6232,GlobalOffensive
6233,gameofthrones
6234,GlobalOffensive
6235,anime
6236,nfl
6237,canada
6238,hockey
6239,wow
6240,GlobalOffensive
6241,wow
6242,gameofthrones
6243,canada
6244,hockey
6245,AskReddit
6246,AskReddit
6247,leagueoflegends
6248,hockey
6249,movies
6250,nba
6251,funny
6252,nba
6253,nba
6254,nfl
6255,funny
6256,trees
6257,worldnews
6258,AskReddit
6259,wow
6260,leagueoflegends
6261,nfl
6262,movies
6263,soccer
6264,anime
6265,nfl
6266,movies
6267,trees
6268,Music
6269,nba
6270,Music
6271,Overwatch
6272,Overwatch
6273,canada
6274,Overwatch
6275,europe
6276,hockey
6277,baseball
6278,GlobalOffensive
6279,nfl
6280,conspiracy
6281,funny
6282,conspiracy
6283,movies
6284,GlobalOffensive
6285,Overwatch
6286,funny
6287,wow
6288,Music
6289,soccer
6290,nba
6291,worldnews
6292,anime
6293,anime
6294,soccer
6295,Music
6296,worldnews
6297,nba
6298,baseball
6299,conspiracy
6300,nfl
6301,hockey
6302,Music
6303,anime
6304,wow
6305,nfl
6306,funny
6307,nba
6308,worldnews
6309,Overwatch
6310,GlobalOffensive
6311,soccer
6312,hockey
6313,nba
6314,hockey
6315,movies
6316,wow
6317,anime
6318,anime
6319,gameofthrones
6320,worldnews
6321,nfl
6322,conspiracy
6323,worldnews
6324,wow
6325,funny
6326,canada
6327,nfl
6328,funny
6329,conspiracy
6330,AskReddit
6331,Overwatch
6332,europe
6333,leagueoflegends
6334,nfl
6335,GlobalOffensive
6336,hockey
6337,baseball
6338,funny
6339,nba
6340,anime
6341,trees
6342,GlobalOffensive
6343,soccer
6344,nfl
6345,trees
6346,wow
6347,gameofthrones
6348,europe
6349,trees
6350,anime
6351,trees
6352,gameofthrones
6353,trees
6354,anime
6355,movies
6356,wow
6357,soccer
6358,Music
6359,canada
6360,leagueoflegends
6361,wow
6362,baseball
6363,nba
6364,movies
6365,worldnews
6366,soccer
6367,movies
6368,nfl
6369,wow
6370,baseball
6371,Overwatch
6372,AskReddit
6373,conspiracy
6374,Music
6375,nba
6376,Music
6377,gameofthrones
6378,baseball
6379,wow
6380,hockey
6381,nba
6382,wow
6383,nba
6384,nba
6385,Music
6386,funny
6387,trees
6388,nba
6389,nfl
6390,funny
6391,soccer
6392,soccer
6393,nfl
6394,leagueoflegends
6395,movies
6396,nba
6397,Overwatch
6398,hockey
6399,movies
6400,Music
6401,hockey
6402,soccer
6403,wow
6404,movies
6405,anime
6406,europe
6407,gameofthrones
6408,movies
6409,nba
6410,funny
6411,hockey
6412,canada
6413,canada
6414,nba
6415,hockey
6416,leagueoflegends
6417,movies
6418,baseball
6419,hockey
6420,funny
6421,baseball
6422,funny
6423,trees
6424,wow
6425,AskReddit
6426,gameofthrones
6427,europe
6428,trees
6429,nfl
6430,movies
6431,canada
6432,GlobalOffensive
6433,canada
6434,baseball
6435,Overwatch
6436,hockey
6437,Overwatch
6438,Music
6439,canada
6440,Overwatch
6441,hockey
6442,europe
6443,europe
6444,canada
6445,AskReddit
6446,wow
6447,wow
6448,anime
6449,nba
6450,Music
6451,worldnews
6452,canada
6453,Overwatch
6454,baseball
6455,AskReddit
6456,GlobalOffensive
6457,anime
6458,soccer
6459,nba
6460,Music
6461,conspiracy
6462,nfl
6463,worldnews
6464,anime
6465,funny
6466,canada
6467,trees
6468,canada
6469,worldnews
6470,AskReddit
6471,conspiracy
6472,funny
6473,baseball
6474,movies
6475,gameofthrones
6476,europe
6477,movies
6478,Overwatch
6479,nba
6480,baseball
6481,gameofthrones
6482,baseball
6483,europe
6484,soccer
6485,funny
6486,europe
6487,movies
6488,leagueoflegends
6489,hockey
6490,GlobalOffensive
6491,GlobalOffensive
6492,trees
6493,soccer
6494,wow
6495,wow
6496,nba
6497,hockey
6498,canada
6499,gameofthrones
6500,canada
6501,leagueoflegends
6502,nba
6503,GlobalOffensive
6504,hockey
6505,trees
6506,canada
6507,soccer
6508,worldnews
6509,hockey
6510,baseball
6511,nfl
6512,conspiracy
6513,wow
6514,gameofthrones
6515,worldnews
6516,wow
6517,baseball
6518,worldnews
6519,hockey
6520,baseball
6521,worldnews
6522,soccer
6523,Music
6524,wow
6525,trees
6526,baseball
6527,gameofthrones
6528,worldnews
6529,wow
6530,trees
6531,gameofthrones
6532,GlobalOffensive
6533,conspiracy
6534,funny
6535,europe
6536,hockey
6537,trees
6538,Music
6539,nfl
6540,nba
6541,nfl
6542,soccer
6543,nfl
6544,hockey
6545,movies
6546,movies
6547,anime
6548,europe
6549,movies
6550,canada
6551,baseball
6552,baseball
6553,Overwatch
6554,movies
6555,Overwatch
6556,Overwatch
6557,canada
6558,funny
6559,movies
6560,GlobalOffensive
6561,nfl
6562,gameofthrones
6563,hockey
6564,Music
6565,AskReddit
6566,hockey
6567,GlobalOffensive
6568,GlobalOffensive
6569,europe
6570,europe
6571,funny
6572,funny
6573,funny
6574,Music
6575,nfl
6576,Music
6577,soccer
6578,baseball
6579,Music
6580,nba
6581,wow
6582,leagueoflegends
6583,anime
6584,worldnews
6585,Overwatch
6586,funny
6587,baseball
6588,Overwatch
6589,nfl
6590,gameofthrones
6591,wow
6592,funny
6593,hockey
6594,europe
6595,trees
6596,GlobalOffensive
6597,europe
6598,nfl
6599,funny
6600,worldnews
6601,hockey
6602,anime
6603,leagueoflegends
6604,europe
6605,leagueoflegends
6606,conspiracy
6607,conspiracy
6608,nfl
6609,canada
6610,Overwatch
6611,baseball
6612,europe
6613,funny
6614,worldnews
6615,movies
6616,AskReddit
6617,Overwatch
6618,soccer
6619,anime
6620,baseball
6621,anime
6622,wow
6623,nfl
6624,europe
6625,movies
6626,Music
6627,nba
6628,Music
6629,nfl
6630,Overwatch
6631,conspiracy
6632,funny
6633,anime
6634,canada
6635,Music
6636,canada
6637,anime
6638,hockey
6639,hockey
6640,funny
6641,worldnews
6642,Overwatch
6643,wow
6644,trees
6645,nfl
6646,GlobalOffensive
6647,anime
6648,AskReddit
6649,Overwatch
6650,hockey
6651,Music
6652,movies
6653,Music
6654,gameofthrones
6655,funny
6656,leagueoflegends
6657,gameofthrones
6658,soccer
6659,nfl
6660,leagueoflegends
6661,soccer
6662,hockey
6663,worldnews
6664,leagueoflegends
6665,AskReddit
6666,soccer
6667,soccer
6668,europe
6669,gameofthrones
6670,nfl
6671,wow
6672,trees
6673,baseball
6674,nba
6675,gameofthrones
6676,gameofthrones
6677,wow
6678,hockey
6679,wow
6680,conspiracy
6681,Overwatch
6682,worldnews
6683,movies
6684,anime
6685,movies
6686,soccer
6687,leagueoflegends
6688,hockey
6689,baseball
6690,wow
6691,movies
6692,nfl
6693,Music
6694,worldnews
6695,baseball
6696,trees
6697,wow
6698,wow
6699,movies
6700,wow
6701,funny
6702,trees
6703,GlobalOffensive
6704,worldnews
6705,baseball
6706,GlobalOffensive
6707,baseball
6708,GlobalOffensive
6709,europe
6710,funny
6711,AskReddit
6712,leagueoflegends
6713,Overwatch
6714,hockey
6715,conspiracy
6716,funny
6717,baseball
6718,movies
6719,trees
6720,wow
6721,wow
6722,soccer
6723,AskReddit
6724,Music
6725,AskReddit
6726,nfl
6727,leagueoflegends
6728,wow
6729,nfl
6730,nba
6731,anime
6732,conspiracy
6733,trees
6734,hockey
6735,canada
6736,nba
6737,nba
6738,baseball
6739,soccer
6740,anime
6741,worldnews
6742,hockey
6743,hockey
6744,AskReddit
6745,GlobalOffensive
6746,Music
6747,worldnews
6748,leagueoflegends
6749,canada
6750,movies
6751,hockey
6752,worldnews
6753,AskReddit
6754,trees
6755,conspiracy
6756,conspiracy
6757,worldnews
6758,canada
6759,worldnews
6760,worldnews
6761,nfl
6762,funny
6763,worldnews
6764,Music
6765,conspiracy
6766,trees
6767,soccer
6768,nba
6769,AskReddit
6770,funny
6771,movies
6772,GlobalOffensive
6773,europe
6774,Overwatch
6775,movies
6776,nba
6777,trees
6778,Music
6779,nfl
6780,nfl
6781,nfl
6782,baseball
6783,baseball
6784,worldnews
6785,soccer
6786,movies
6787,worldnews
6788,soccer
6789,funny
6790,Overwatch
6791,worldnews
6792,wow
6793,wow
6794,trees
6795,soccer
6796,hockey
6797,AskReddit
6798,europe
6799,funny
6800,funny
6801,nfl
6802,canada
6803,trees
6804,AskReddit
6805,canada
6806,europe
6807,gameofthrones
6808,leagueoflegends
6809,anime
6810,hockey
6811,nba
6812,canada
6813,trees
6814,soccer
6815,Music
6816,movies
6817,Overwatch
6818,gameofthrones
6819,anime
6820,soccer
6821,conspiracy
6822,europe
6823,nba
6824,anime
6825,leagueoflegends
6826,nba
6827,worldnews
6828,nba
6829,anime
6830,hockey
6831,worldnews
6832,europe
6833,Music
6834,europe
6835,gameofthrones
6836,movies
6837,funny
6838,GlobalOffensive
6839,Music
6840,nba
6841,Overwatch
6842,GlobalOffensive
6843,funny
6844,leagueoflegends
6845,trees
6846,soccer
6847,soccer
6848,wow
6849,anime
6850,movies
6851,AskReddit
6852,nfl
6853,gameofthrones
6854,GlobalOffensive
6855,hockey
6856,leagueoflegends
6857,worldnews
6858,GlobalOffensive
6859,wow
6860,Overwatch
6861,baseball
6862,GlobalOffensive
6863,soccer
6864,wow
6865,funny
6866,GlobalOffensive
6867,nba
6868,anime
6869,Overwatch
6870,AskReddit
6871,anime
6872,conspiracy
6873,funny
6874,trees
6875,nfl
6876,hockey
6877,conspiracy
6878,AskReddit
6879,soccer
6880,nba
6881,movies
6882,conspiracy
6883,movies
6884,anime
6885,europe
6886,funny
6887,Music
6888,wow
6889,soccer
6890,gameofthrones
6891,canada
6892,conspiracy
6893,leagueoflegends
6894,soccer
6895,wow
6896,Music
6897,Music
6898,gameofthrones
6899,europe
6900,nba
6901,soccer
6902,worldnews
6903,wow
6904,worldnews
6905,baseball
6906,wow
6907,movies
6908,Music
6909,hockey
6910,conspiracy
6911,AskReddit
6912,movies
6913,Music
6914,Music
6915,nfl
6916,trees
6917,conspiracy
6918,baseball
6919,movies
6920,wow
6921,leagueoflegends
6922,funny
6923,leagueoflegends
6924,AskReddit
6925,hockey
6926,AskReddit
6927,funny
6928,conspiracy
6929,gameofthrones
6930,europe
6931,wow
6932,baseball
6933,leagueoflegends
6934,anime
6935,hockey
6936,GlobalOffensive
6937,funny
6938,gameofthrones
6939,movies
6940,conspiracy
6941,Overwatch
6942,GlobalOffensive
6943,wow
6944,Overwatch
6945,Overwatch
6946,anime
6947,conspiracy
6948,canada
6949,trees
6950,Music
6951,anime
6952,AskReddit
6953,conspiracy
6954,leagueoflegends
6955,gameofthrones
6956,baseball
6957,gameofthrones
6958,AskReddit
6959,Overwatch
6960,soccer
6961,wow
6962,conspiracy
6963,funny
6964,europe
6965,GlobalOffensive
6966,canada
6967,leagueoflegends
6968,conspiracy
6969,trees
6970,soccer
6971,AskReddit
6972,nba
6973,worldnews
6974,worldnews
6975,canada
6976,funny
6977,europe
6978,anime
6979,wow
6980,anime
6981,Overwatch
6982,hockey
6983,funny
6984,nba
6985,GlobalOffensive
6986,worldnews
6987,Overwatch
6988,trees
6989,Music
6990,wow
6991,europe
6992,movies
6993,trees
6994,nfl
6995,hockey
6996,europe
6997,funny
6998,conspiracy
6999,trees
